comment,sentiment
有事叫天使，没事捅天使,0
现在打脸了吧，什么叫未发现明显人传人！面对公共疫情，能这样打哈哈吗,0
安心了，可以好好跨年了。,1
问几个问题，27个人是否都有同一的关联性？你们张嘴问一下不行吗？确立不明肺炎需要确立抗生素无效的条件，为什么有人病危有人可以拟定出院？是否是冠状性病毒或者其他病毒，检测需要多久？今天已经过去一天了？为什么话能说得这么不清楚，不明显人传人～调查进行中～,0
杨文医生的事还没过去，有些人好好寻思寻思吧，真正出了事以后，是不是这些昨天还在流泪的医生们又奋不顾身冲在前线了？？,0
27例。。。哇。。，全是那个海鲜市场的吗,0
看着新闻里写到“未发现医务人员感染”，突然好心塞。防打，防骂，防被杀，还无时无刻的充当着新病毒的试验品。建议把那些杀医，骂医的人，关进有病源病房，看看他们会不会被传染,0
今天再看这篇报道，我反思了良久，我真心觉得作为央视这么大的新闻机构，你们一句跟风“未发现明显人传人现象”暧昧且没有科学严谨的话，误导了多少武汉人民，让他们错失最佳的防范疫情的时机，你们难道不需要道个歉吗？,0
希望一切都好大家都能好好的过年,1
看到这条觉得很打脸,0
还是要保持警惕吧，未发现人传人，不代表没有人传人的可能性，再者说??病毒变异什么的，也不是没可能。去公共场所佩戴口罩，保持室内通风，多洗手，做自己做起才是硬道理啊,1
医务人员辛苦了,1
上次是菊头蝠身上变异出能感染人的SARS，经果子狸为中间宿主感染人类，蝙蝠是种免疫力超级强悍的哺乳动物，埃博拉病毒也可以由蝙蝠传染，这些病毒传染性都很强。贩卖野生动物、喜欢吃野味的人，真的是残害生命昧尽良心、坑害同胞罪恶不浅,0
咋说呢，当年非典北京市是咋回事，估计都知道吧，官方的通报有一部分不能信，这也是事实！！,0
吃狗屁野味啊吃吃吃，非典忘了吗！！！！不长记性！！！！！吃野味很牛逼还是好吃！？？！！！,0
民若有疾从来都是医行在前,1
之前看到一条评论:“你们医学生尽力救人我们法学生用此生的知识去保护你们”那我们制药的就全力研制新药，给你们医学生提供更多选择。,1
武汉发现不明原因肺炎！专家组马上到达武汉！我很想歪个楼，不管是出了大型医疗问题，还是小的头疼感冒，医护人员是真正的站在那里！治愈你！保护你！不管你是什么人，不管你犯了什么错！希望杨医生的事不要再出现了！希望此次只是小问题，医护人员们，还有所有人，大家都能平安过年！,1
这里有多少人信誓旦旦地说自己就是武汉人正准备出去玩儿现在怕了吗,0
还有人看回这条嘛，太可笑了！8名造谣者怎么处置可以平反了吗，政府造谣又该如何处置？,0
消息及时透明才不会引起恐慌，希望生病的人早日康复,1
希望早日康复,1
及时防控就好期待早点查明原因,1
感谢官方公布详情等待尽快确认究竟是什么原因彻底消除社会恐慌,1
愿早点查明原因,1
好消息啊希望早点康复,1
能不能说下那27个人的情况怎么样了？今天老是听到救护车的声音？？？附近的都不敢出门！！！,0
真是烦死有些人了??没结果的时候不公布说信息不披露恐慌??现在有结果公布了又说公布了也不一定是真的感情有没有都你说了算,0
既然不是SARS，那到底是什么新型病毒??希望早点核实吧，也希望他们赶紧好起来,1
希望大家都健健康康的，早日查出根源,1
快过年了，希望大家都健健康康的,1
别再让这个华南海鲜批发市场贩卖野生动物和私屠滥宰猫狗了太可怕了！,0
怎么会越来越多了呢？？在武汉上学的我好怕,0
武汉太可怕了，隔离，提取病毒，细胞检测一气呵成一步到位，这个城市是什么神仙病理学研究能力,1
查出原因和病原体就好了，祝那些患者早日康复，做好防护措施。,1
支持治疗有效，有几个都出院了，不用恐慌，另外还是那句话感冒的病原体之一就包括冠状病毒，不是所有冠状病毒都是非典，就算非典再来了现在也不是2003年的传染病防控体系，无需恐慌，无需传谣。,1
专家组辛苦了！,1
为官方的效率点赞,1
出院就好保佑平安,1
人没事就好,1
这些天有点咳嗽都害怕,0
平安就好，武汉今天的天气都变好了,1
担心的还是不明原因病毒啊,0
终于可以去吃武汉的豆皮了,1
这个消息，我挺高兴，谢谢这个消息，也谢谢医务人员的医治。,1
希望大家都快好起来，安心过年,1
1月初评价的各位现在有何感想？,0
希望能早点找到病因，早点控制，早发现早治疗,1
如果真是野生动物的原因，那又是一场人祸，不知道买卖野生动物的那些人什么时候能真正反省。,0
这种新闻报道传播的形式好好，希望能看到更多这样公开透明准确的答复。,1
希望以后就这样不要糊弄我们,1
嗯，公开回答大家的疑问是杜绝谣言传播的最好方法！希望可以尽快找出病因，研制出新药,1
比较好懂！以官方为准！,1
现在再来看这东西真是觉得的滑天下之大稽,0
这种新闻方式挺好的，大家看了也安心，希望多多推广,1
这份通报非常到位透明及时，非常好,1
现在看真的超级打脸，早期实打实瞒报了,0
及时通报，遏制谣言，密切接触者没有发现相关案例，辛苦医护人员了,1
相信我们的医生技术人员，一定能战胜,1
迅速诊断及时治疗实时通报已经很专业了,1
医护人员们受累了，愿医患都能平安,1
愿平安,1
这时候的新闻还是一片大好，20天之后，湖北省长:“非常痛心、内疚和自责”。早干嘛去了？没有人比你们更了解当地的情况，真的有贴近群众吗？,0
平平安安的，不要造谣，那年的盐去年才吃完,1
死亡？！,0
打脸了,0
再回头，真的太恐怖了,0
过年了，愿大家平安,1
医务工作者辛苦啦,1
祝愿大家早日康复，安心回家过大年,1
希望医学方面，进快找到解决问题的办法，加油，掌声为医学院点赞吧。,1
中国加油,1
坐标河南小县城，药店口罩买不到，老人们不重视，反而觉得我们年轻人危言耸听，希望三大通讯公司可以发送预防短信提醒,0
这个真的很有必要了，谢谢政府,1
国家永远是人民群众坚强的后盾！,1
大家都要平安快过年了！,1
趁机牟利的都是发灾难财，没心，真的不仅要防灾还要防捣乱的,0
社会主义制度优越性,1
相信国家的力量，全国人民都要健健康康的！！！,1
感谢政府替民消虑加油我们会胜,1
相信党和政府！,1
武汉加油,1
能不能让春运的铁路工作人员也戴口罩呢,0
我们家报了一个25号去浙江的旅行团，但是这两天报道浙江有16疑似患者，但是机票已经出来了，没办法退团了，求助啊！真的很害怕????,0
加油，祈祷这些生病的人能好起来，感谢有这般强大的国家和民族,1
发短信提醒啊！！！发短信提醒！！！发短信提醒！！！发短信提醒！！！所有人都得重视起来啊！！！全国的联通，电信，移动！老人家还没重视起来！[跪了][跪了]。当然，我们相信钟院士一定会全力以赴来对待此次病毒的！！,1
奋战在一线医护人员，记者们…一定要平安顺利！??,1
现在国家比我们还着急，新病毒感染途径和特征需要时间去研究，我们需要做的是：  1、没有特殊情况，老老实实家里呆着 2、命比过年重要，实在不行就异地过个年 3、不要侥幸，认真按照专家的话做好防御 4、相信我们国家的实力，17年前我们能打败非典，现在更能。,1
请求新闻滚动播放，加强中老年防护意识。请严格把控口罩价格，打击不良商家特殊时期哄抬物价。企业应该把社会效益放在首位，实现经济效益与社会效益的合理结合[作揖]希望大家都平安 前线的医生和工作人员都辛苦了????,1
三不笑：不笑天灾，不笑人祸，不笑疾病。 三不黑：育人之师，救人之医，护国之军。 ?武汉挺住!,1
目前爆出来的都是一二线城市，可明明三四线小城市外出返乡、乘铁路的人更多，隐患不是更大吗？想问三四线城市有没有检测措施？,0
武汉加油！！撑住[作揖][作揖]北京市民祝福,1
相信我们国家相关部门一定能解决这次的疫情，自己做好防护措施，也希望那些确诊的病人早日康复，同时感谢前线的医护工作人员！！！,1
武汉加油！我们一起加油！,1
高度重视，科学预防，不给祖国的医务工作者添麻烦就是对他们最好的致敬！,1
春节流动人口暴增，而且不好管控！武汉是个大城市，前几天我也觉得没什么，今天刷了一天的微博。我开始害怕了，我也是在武汉那边做生意的，过完春节不知道能不能去[生病],0
我看哭了 是这群人被砍 也是这群人在坚守 他们是在守护大众的健康啊 求求你们看看啊,0
请加大宣传力度，?? 有些人不信，非说是卖口罩的炒作！谢谢！相信国家,1
希望可以重视一下对中老年人群的宣传。平时什么乱七八糟的谣言听了都信，现在你去告诉他们出门戴口罩、勤洗手，他们完全不理你，反而觉得你小题大做。有些人根本没有注意这些信息，压根不知道还有这事，脑子里也装不进去这些信息。 [作揖][作揖],0
面对疫情，我们在一条船上。现在抱怨牢骚解决不了问题，武汉加油，我们一起加油！我们国家没有什么战胜不了的！  现在需要大家多支持、让医护人员感觉到他们的牺牲值得，鼓励专家提出促成有效的措施，这比现在分辩谁是正确的更有价值。最后一定要相信我们国家，17年前我们能打败非典，现在更能,1
去武汉一天就传染上了？这传播效率也太高了吧！,0
我最好的朋友在火车站卖票，家里孩子不到一岁，我男朋友是火车乘务员，他们几乎每天都会接触到数以千计的乘客，可是到了现在，上面领导竟然不许他们出勤的时候有一点点防护措施[泪][泪][泪]我真的今天着急紧张的想哭，求求上面领导能不能做个人！！！,0
为什么人去趟武汉就能被传染 而武汉只有这么点人确诊,0
戴口罩，离人群，室内要通风，做好手卫生工作，有感冒早就医，多饮水多食蔬菜水果，肉类蛋类煮熟，保持好心情，爱护医护人员。,1
三大通讯运营商 发信息提示提示吧！好多人不玩微博的  特别是年纪大的人。我认为真的很有必要！我家人亲戚朋友都是我一个一个转告的 这样真的很麻烦 希望能发下 感谢你们 拜托,1
看看淘宝上卖n95的 你说过年了把工人重新召回适当涨价完全可以理解但是别你??太离谱 发国难财给自己买棺材吗,0
还是希望吃野生动物这个问题得到解决 毕竟这是爆发的根源[跪了][跪了],1
请求新闻滚动播放，及时更新消息！我们也在时时刻刻在关注着！三大通讯运营商！ 发信息提示提示，好多人不玩微博的  特别是年纪大的人。加强中老人防护意识！严格的把控口罩价格！请不要发国难财！[可怜],1
全国各地都有，不要认为自己的城市没有报道出来就是安全，潜在的病号数不胜数，我们要做的是保护好自己。,1
这些武汉人好迷啊  全国各地跑  求您们了别瞎跑了成吗  河北一直没有我还庆幸呢  结果一个武汉医学生回保定疑似了  瞎跑什么呢？ ？,0
非典那年太小不懂，现在真的会害怕了,0
我现在什么都不恨，就恨那些吃野生动物的b人，恨我一个堂堂正正的当代人为什么要和这种野蛮人生活在一个世界。 ???！！！,0
每刷一次就有一个地方确诊[伤心],0
有人在带逃离武汉的节奏，希望官方尽快调查,1
武汉人别乱走了，你这是在害你们自己的亲人,0
我觉得 我说实话 轻喷 春运大家都知道人流量有多大 我感觉现在很多地方应该都有了 只是可能没确诊出来罢了  还是希望大家重视起来 多劝劝家里的人 一定要戴口罩 不要去人多的…,1
大量沾满唾液、细菌甚至病毒的一次性口罩将会出现在各个城市的垃圾桶，如何处理这些一次性口罩，是相关部门需要考虑的问题，不要让本应该保护我们健康的口罩成为新的病毒传播物。,1
我求求了，现在在武汉的人不要乱跑了！对于你们而言，待在武汉就是最安全的！那里有最顶尖的专家，最新的治疗方案，一旦出现问题，你们能得到最好的救治条件，而去往别的地方不仅仅会影响别人，一旦出事，你们的到的也不会是最好的救治条件！,0
其实就像说的那样 很多城市已经都有了只是还没有确诊！有的可能还没有重视以为是小毛病没有去医院！不要觉得离自己很远就不以为然了，少出门，带口罩吧,0
这个战场，没有硝烟，但危险重重!致敬医护工作者!,1
请求电视滚动播放，联通电信移动发短信，加强中老年防护意识，让大家都重视起来，有症状及时就医，不要抱侥幸心理!!!,1
84岁的非典战神钟南山院士带队去了武汉  年纪小的孩子应该不认识他吧  2003年“非典时期”把重病人都送我这里来的“钟南山”  现在2020年了，他84岁了，他出发去了武汉！,1
一边是老院士挂帅出征 一边是青年才俊倒在屠刀之下 真的看的难受,0
非典的时候上小学，当时没想过自己以后会成为一名医生。高考完误打误撞去了广医，开学了才知道学校有位很厉害的教授叫钟南山。虽然最近频繁医闹让人寒心，但每次想要转行的念头总会被这样的“热血”打消。作为广医人作为医生超自豪??,1
全国各地都有，不要认为自己的城市没有报道出来就是安全，潜在的病号数不胜数，我们要做的是保护好自己。,1
等我们战胜了这场病毒之后，真该重视野味市场了！,1
我就觉得很烦[跪了]为什么经历过非典的父母一点都不注意 一点都不害怕 不看新闻的吗？全家就我一个操心[微笑][微笑][微笑]买个口罩也被说[二哈],0
已经离开武汉的，拜托在家待够12天再出门吧，算我求求你们了??????,0
去一趟就可能传播，那那中心得多严重了？,0
又一例去过武汉的肺炎病例。 84岁的钟南山院士建议公众“没什么特殊情况，不要去武汉”，然后自己义无反顾赶往武汉防疫第一线。愿好人一生平安！希望肺炎病历能得到迅速有限控制。,1
鸡牛羊猪不香吗？非要吃什么野味 吃野兔 吃穿山甲,0
我爸爸是个公交车司机 但公交司机因为形象不能戴口罩?? 这个问题反映到公交公司客服这样回复我说“江苏省没有出现病例 而且每天坐公交的人形形色色什么人都有 那大家都不要坐公交了”这条例在国内这样的形势下麻烦引起重视  驾驶员戴口罩是对公众负责！看到的点我上去让大家看到 很多岗位需要重视,1
从武汉出去染病的概率未免太高了，火车站机场这种地方是不是有传染源头啊……不可能都是接触病人才被传染的吧，,0
从B站看完非典的五集纪录片、陷入深深的对未知的恐惧   同事对医护人员给予最高的致敬,1
野味携带了很多没有检测出来的病毒，那些喜欢乱吃的就是这些病的罪魁祸首，放过野生动物就是放过人类自己。非典还没有让这些人醒悟吗？国家对经营野味的场所应该再加大力度查处,0
好好大力度打击一下吃野味的问题吧，还有那些吃狗的，真的不是杠，那么多好吃的没必要碰这些。天灾人祸，到底还是人祸。。。希望我们尽快度过难关??,0
相信政府和整个医疗体系在为保卫我们大众的安全努力奋斗[作揖][心],1
不要怪谁怪谁，只怪咱的嘴，吃野味屡禁不绝，从，艾滋，埃博拉，萨斯病毒及禽流感，都是大自然对人类的报复！[蜡烛][蜡烛][蜡烛][蜡烛][伤心][伤心],0
拜托了，给动物们一点生存空间吧，鸡鸭鱼猪牛羊这些检疫合格的肉类足够让人类生存下去了，别去吃那些野生动物了，大自然的报复真的让人措手不及，不要等到地球上只剩下孤独的时候再来忏悔我们现在的所作所为。,0
非典发生地主要在广州，广东全是政务比较高效透明的地方，虽然17年过去了，武汉的行政水平未必赶上了当时的广东，也就是说很可能各种措施和消息都严重滞后，实际情况应该更严重很多,0
能不能在电视上滚动播放 我跟我妈讲了一天 我妈不但骂我还怪我小题大做 早上去菜市场买菜 我让她戴口罩 她说整个菜市场都没有人戴 我戴干嘛 这不闹笑话吗 我不知道该怎么跟我妈说了能不能也搞个短信提醒啊拜托我妈不怎么看微博 还说我不要天天老关注这些乱七八糟的事情我很无奈啊[跪了][跪了],0
初期完全没有引起重视导致的，武汉政府有责任,0
呼吁请严格把控口罩价格，打击不良商家特殊时期哄抬物价。当前，企业应该把社会效益置于首位，实现经济效益与社会效益的合理结合！,1
请新闻多播一点疫情，我们小城市大家根本没意识到，爷爷奶奶爸爸妈妈也不玩微博。求新闻滚动播放,0
人类辛苦进化了这么多年，一天工作8小时，搞出了一套又一套的现代工农业体系，不就是为了告别茹毛饮血的蛮荒生活，健康安全地生存下去吗？都2020年了，吃野味只能算作返祖行为。,0
面对疫情，我们在一条船上。现在抱怨牢骚解决不了问题，武汉加油，我们一起加油！我们国家没有什么战胜不了的！  现在需要大家多支持、让医护人员感觉到他们的牺牲值得，鼓励专家提出促成有效的措施，这比现在分辩谁是正确的更有价值。最后一定要相信我们国家，17年前我们能打败非典，现在更能。[心],1
湖北省内，周边县市，除了老弱病残，基本上都是去武汉打工的，只有少数人去外地打工，现在都回到家里了，你管控早管控啊，有多少省内其他城市的人去武汉打工的，现在都回家了，现在好了，都扩散到湖北每个城市每个农村了。现在这里人人自危，怕的一p,0
推迟开学吧。。2月份就开学我是真的不敢去。。还是人口大省河南，离武汉也特别近,0
这两天春节返乡的人流量特别大 尤其小村小镇的防范意识和措施真的完全不到位 希望乡镇政府人员可以告知病毒传播的危险程度 加强大家的防范意识 真的不要再添加新病例了 新年希望大家都平安 中国加油????,1
看到泪奔，我是一个内科医生，非典的时候觉得这是自己应尽的职责，理所应当，即使搭上性命。可是现在看到同行们穿上这身防护服，却是伤心、悲凉，刚刚看到同行被砍、被杀，转身又要去面对死神，不顾自己的危险和死神抢人，都说救人一命胜造七级浮屠，医生们救过多少命啊！却丧生在自己救的人刀下！！！,0
一线的工作人员医护人员一定要平安啊！！！！谢谢你们辛苦你们了,1
看到这些医生护士 再联想到前几天伤医事件 真是讽刺 这边放弃休假不惧危险冲在第一线 那边已经拿起屠刀砍向优秀的医生 哎,0
奋战在一线医护人员，记者们…一定要平安顺利！??武汉加油[心][心]中国加油[心][心],1
哪有什么白衣天使，不过是一群孩子换了一身衣服，学着像前辈一样，治病救人和死神抢人罢了。,1
所以 一些人可以不要自己吓自己了 不要制造恐慌 相信医务人员 相信国家,1
大家多给中老年人宣传一下，现在好多中老年都不相信疫情的严重性！很多人都不知道情况，跟他们普及也听不进去，觉得小题大做，电视多做普及吧，特别是三大运营商短信通知起码引起重视，又逢春运，人流密集，再不重视，不提前预防，更是让人担忧,0
强烈要求增加线下药店各类可以预防病毒传播的口罩供应量，线上价格已经得到控制，但是大部分商家承诺春节期间正常发货也由于口罩需求量一时暴涨，导致仓库爆仓发不了货，即使发货也是要到春节后才能陆续发出，根本解决不了现在口罩供不应求的局面,0
这病可怕在还有一段潜伏期，携带病毒的患者在潜伏期跟别人接触，没有征兆......想想太可怕了[泪]??专家们，人类需要你们拯救??[泪],0
特么是什么病毒？扩散的速度也太可怕。真让人忐忑不安[泪][泪][泪],0
这传播速度太快了  虽然知道很不可能 但还是希望数字不要再增加了??,0
求求你们让高铁飞机上的工作人员带好口罩吧，这么严重的病毒，春运期间这么大客流量，封闭的车厢，领导不让他们戴口罩[费解],0
求求全手段科普老年人 他们真的没当回事 还要走亲戚的 我黄冈的 快急死了,0
保护好各位医护工作者，尤其要保护好钟南山院士啊！80多岁的人了，为此尽心竭力，到处奔波，还奋战在武汉第一线，他不仅是首席专家，还是中国抗病毒的旗帜，是精神支柱，防护工作一定要加强啊。,1
呵呵，建议不要出行？ 中国人不喜欢听建议，必须强制,0
这个时候我们的医护人员冒生命危险冲在第一线，向他们致敬！  不希望再出现伤害医生的事件了，没有他们，我们只剩下绝望！  17年前的非典我们都战胜了，我们现在医学更强大了，要相信国家和医护人员，按照专家的建议做好防御，就一定能赢。 ???,1
电视台滚动播放? 短信官方提示?  这不是武汉人的问题?  这是中国人，甚至全人类需要攻克的问题?  团结起来??   可以请三大电信运营商发短信吗？虽然我家里人很重视，但是看评论还是有很多长辈不重视的，三大运营商覆盖范围最广了,1
染上新型病毒的人群，大多数是中老年人。所以大家多给中老年人宣传一下，现在好多中老年都不相信疫情的严重性！很多人都不知道情况，跟他们普及也听不进去，觉得小题大做，电视多做普及吧，特别是三大运营商短信通知起码引起重视，又逢春运，人流密集，再不重视，不提前预防，更是让人担忧。武汉挺住,0
偏远穷困地区怎么办啊[悲伤]那边消息不发达医疗卫生条件也不高啊我好担心,0
可以出正式通知，武汉封城 吗？ 坐标武汉，但是现在身边还是有人准备出城回各自的老家啊。高速那也查的不严，我前同事今天早上走的，车流量不多，但连查体温的都没有[失望][失望][失望],0
希望所有疑似都只是普通感冒！,1
我只求这段时间从武汉回家的市民一定要戴口罩 请为身边的人着想好吗??没报道的省份没剩几个了? ? ? 不希望微博报道再出现新的省份名称和国家了[悲伤][悲伤]每每看到那些新的字眼 揪心? ? ? ??,0
请给铁路工作者们配备口罩和防护服吧[泪][泪] 他们接触大量旅客[泪] 很容易被感染 [泪]同时也因为接触大量旅客所以绝对不能被感染！！请全国铁路系统给工作者们配备口罩和防护服！！！正值春运啊！！！  火车属于密闭空间！车上人流量极大人员极多啊！！！全国各地都有啊！！,0
呜呜呜呜呜呜呜额 我爷爷奶奶爸爸妈妈一点都不重视 真的急死我了 怎么办！我怎么说都不重视！希望新闻一定要说一下重要性！不是制造恐慌！是让全民做好准备，才能抑制感染人数的快速上涨！[感冒][感冒][感冒],0
家里长辈不重视，觉得东北小城市没什么事，说随便买点那种口罩就可以，觉得我过度紧张就很难受。淘宝现在所有医用口罩都在搜索关键词的时候加上了外科，但是链接点进去根本不是医用外科口罩，只是普通款，钟老说的普通（外科）口罩的意思是 医用外科口罩 吧？还是普通医用口罩就可以？,0
其他省份的去武汉出差一天回来就得新型肺炎，可见传染力是很强的，所以我怀疑武汉的实际染病人数，毕竟一直生活在武汉还那么多人,0
求求让我们这些银行服务人员带口罩吧，请让所有服务业都带上口罩吧。第一我不想被客户传染，第二我也不想传染客户。求求求！！！现在还不让我们这些服务人员带口罩，我真的不能理解！！！推我上去好吗，请各位领导看到我！,0
我害怕极了 今天听我妈跟她的朋友打电话说去菜市场买蛇肉？？？我说最近肺炎严重！不能吃野味！她说我迷信 而且菜市场没有一个人戴口罩 我让她戴 一个劲说我迷信！能不能让运营商发个短信提醒啥的 我实在是说不动了[跪了],0
对于在各大火车站，机场，执勤的解放军同志，武警同志，民警同志，他们的工作场所人流量大，是病毒传染的高发地区，强烈建议戴口罩执勤!!!强烈建议戴口罩执勤!!!强烈建议戴口罩执勤!!!强烈建议戴口罩执勤!!!,0
加油中国！万众一心 众志成城,1
今天临时开紧急动员会，抓阄决定谁去发热门诊，谁去隔离病房，过年期间所有的副班不准休息，全体待命。说不紧张是假的，但是穿着白大褂，这就是使命。,1
我是武汉人，我还是希望封城，这样范围控制住。希望也能快点过去,1
最可恨的是，很多人还以为是小题大做，不以为然,0
我去高铁站带了n95，一群傻子还好奇看我[微笑],0
乘务人员必须带口罩，以免被传染，或者处于潜伏期扔在工作传染给其他乘客。乘务人员每天接触那么多人，难道不是大隐患吗？不让带口罩才会引起恐慌,0
戴口罩，勤洗手，减少密集接触人群，不信谣传谣，一起努力做好防控,1
恨死吃野味的了！！！自己作死别连累别人！！！,0
现在大城市都爆出来了  还有很多小地方出现点不重视  天天给家里这边人讲他们都不当一回事  根本不知道事情的重要性[跪了]   新闻一定要多报道  短信也要时刻提醒呀！！！！,0
麻烦宣布武汉为疫区吧 赶紧封城 待疫情稳定再解封,1
运营商该有的短信没有 不该有的一天10几条[微笑][微笑][微笑],0
过去了这么多天 又遇上春运 已经难有省份幸免了 保护好自己把 最起码戴上口罩吧,1
我越来越明白鲁迅为什么弃医从文，因为再好的医疗设施和医生队伍都挽救不了某些人的思想。我希望14亿中华儿女能够团结一心共同渡过这次病毒险情，如果那些医闹或者想发国难财的人，我希望你们能好自为之。,0
还是不敢封锁是吧，一群肉食者整天只知道经济,0
危难时刻见良知！一些无良商家在国家困难需要万众一心的时刻扯后腿！发国难财！真的让人气愤??！希望各平台加以严厉惩处！,0
别光在微博上宣传，多个途径都用上吧，老人根本不当回事,0
这个时候我们更应该相信国家政府，还有可爱的医生护士，适逢遇到了春节，人员流动大，病毒已经蔓延到了各地，当然不能一味的说武汉，作为普通人，我们应该团结，不要惊慌，不能认为自己的所在城市没有报道出来就是安全的，潜在的病号数不胜数，我们要做的就是是保护好自己，跟家人朋友多宣传科普。,1
强烈建议加强农村偏远地区的宣传，从全国各地返乡的，都很有可能携带病毒，这两天将会是春运的最高峰，农村的人这方面意识比较薄弱，很有可能不知道病毒的可怕，所以请乡村干部们加强病毒的防治措施，加大病毒可怕的宣传力度！,0
没有别的意思，但是为什么不选择封城呢？春运会造成多严重的后果，国家领导难道不知道吗？虽然封城会带来其他问题，但总比疫情严重强吧,0
真的更担心春节结束后的返程。希望可以控制住疫情。希望人类可以管住那张嘴，别在吃野味了，动物和人类共同拥有这个地球，保护野生动物，保护稀有动物，也是保护人类自己。,0
希望这次事件过去之后可以严查贩卖野味，不要再重蹈覆辙！！,1
真的要封的 我是江苏扬州的 目前没发现疫情 就在今天早上 在火车站爆出来的实时新闻 一个女的从汉口坐车去南通 结果在扬州就下了 结果在车站就被临时医护检查点检查出有病毒 还没带口罩 自己却浑然不知 你说可怕不 这中途不知道已经接触了多少人了  传播速度堪比村里通网 唉！先封城吧,0
我快被我妈气死了，我今天早上让她多注意点她还说我小题大做当年非典她们都这么过来了，说我破坏她好心情，气死我了！！！麻烦三大运营商发个短信提醒一下中老年人行吗，他们真的一点防范意识都没有啊,0
作为武汉人，真的委屈的要死，武汉本地人很多都在家里了，现在学生工作者该回家的都回家了，前期不注意，我从31号发现就没出过门，也恨那些吃野味的人！搞得大家不安宁！,0
请加强对老年人的宣传！他们不上微博,1
电视上要滚动播出啊，好多人尤其是上年纪的人一点不重视，以为离自己远着呢[可怜],0
最恐怖的不是死亡人数，而是治愈人数一直是25例，为什么之前有治愈的患者，最近几天治愈人数无增长了？,0
如果政府和国家要求封城 我们一定全力配合 希望有些网友能口下留情 不要扫射所有武汉人了 谢谢大家[心],1
病毒源100%是从武汉出来的，请国家严查啊，传播的速度太快了。又刚好春运期间。建议封城严查，没有针对武汉人民，只是找到病毒源头，国家专家组能找到治疗办法……武汉人民加油[拳头][拳头]，我们与你们同在????????,1
我想知道马上各个大学要开学了，我们难道真的要都去到有确诊疫情的地方吗，这可是非常大的人流啊，不光是武汉，北上广的学生又该怎么办？建议全国大学生延迟开学！,0
烦请加一条：病源起因是食用野味[微笑]有此喜好的人麻烦要死自己死，别连累其他人类。,0
武汉的小可爱们，没事不要出武汉， 不要用1%的侥幸，带来100%不可避免的灾难,1
广东最近天气忽冷忽热，气温升降频繁，很多人感冒，再加上春运，相当不利于疾病防控。,0
出现无旅游史的病例就危险了,0
：请把“离武汉人远一点”、“呆在武汉别出来” 换成“武汉挺住”、“武汉加油”。 他们待在武汉自嘲不代表他们不担心 只是不想把恐慌带给还关心他们的人[作揖]武汉挺住，不要在扩散了,1
疫情来了想到医生，火灾来了想到消防员，治安不好了想起警察，战争来了想起军人。平时多一点尊重多好！！,1
致敬努力在一线的白衣天使们，你们是最勇敢的。,1
最生气的是朋友圈好多人发吸烟的没事  哪传的谣,0
希望加大通知力度，重点是中老年会重视的比如电视新闻滚动通知球球了[跪了]，这周我这两三天微博都没刷过别的，全都是这个相关报道，真的是特别害怕，在昨天确诊一例，街上基本都是戴口罩的情况下，父母还不重视觉得小病无所谓，过年竟然还要亲戚一起出门聚餐，关键亲戚们也不觉得严重[拜拜],0
现在的问题是，全家就我一个天天在刷微博的人在担心，家里其他人压根就不放心上，跟他们说了，还说多通风就好了[微笑]（确实要通风，可是其他防范措施也是要的啊）,0
这个时候最重要就是保护好自己 保护自己也是保护别人 奋斗在一线的医务人员不过是穿上白大衣的普通人 还有前线工作人员你们都辛苦了 希望你们都能平安归来 ,1
在武汉的人们能不出来就别出来吧，毕竟每次其他省份的被确诊或多或少都跟武汉有关，其实，你可能想说回家过年，不要为了这次的过年而放弃未来与家人团聚的机会，当你从武汉回家的时候，你最先是与家人接触，而不是我们这些陌生人，家人会增加被传染的风险，我们最多也只是不安,1
网上查了一下历史上的几种比较知名的病毒性传染病的由来，发现有相当多的传染病毒最开始只存在于野生动物体内，传播途径也只是野生动物之间，相当于只“封印”在野生动物领域。后来人类各种方式祸祸野生动物，导致这些病毒流入人类领域，好多种高危的病毒性传染病实际都是人类作出来的，令人悲愤！,0
真的好怕现在很多人都是潜伏期，然后春节过后全都出现了,0
看了这么多病例一大部分都是中老年人，而且这类人都不怎么关注，真的很揪心,0
别人我不敢说，就我认识的武汉人，包括我自己，我父母，我的亲朋好友，这个春节会全部呆在家里，不会外出，也不会去外地。请放心。然后祝大家平安。,1
相信政府并且一定要听相关医疗人员的指导！这里河南省的小镇，从昨天开始，在武汉务工或者上学返乡的所有人已经立即开始各村部登记。一定要措施及时，加强基层防范，最重要的就是基层和偏远地区的老百姓，不是没有措施，而是他们可能根本不知道危害或者风险有多大，一定要加强宣传，增强意识啊,1
下午才看新闻说，儿童年轻人不易感染，但是现在看到的，基本都是青壮年！…不是埋怨这些信息误导，而是害怕这些病毒变异太快！！！,0
100%与武汉有关 希望尽快封城 为了全国人民着想 也是为了武汉朋友着想 众志成城 共抗病毒,1
全国各地都传来确诊多少多少，真的有种电影里丧尸瘟疫爆发的感觉，这次真的太可怕了吧。现在身在武汉的人们，真的别乱跑了，看看各地的确诊信息基本上都是从武汉过去的，你想从武汉逃离，我们都懂，但这次有潜伏期，你走的时候或许没什么，但万一是潜伏期。。,0
县镇村广播放起来，不是所有人都看微博的，老一辈的根本没概念甚至不知道,0
吃野味的原地爆炸吧 太可恨了！！！！！！,0
病毒有潜伏期，希望最近从武汉回家的大学生，群众朋友们，有任何一点不舒服一定要去医院检查一下，保护好自己，为了家人朋友也为了其他人民群众的安全，谢谢你们[心],1
大家不知道封城是啥意思，才这么喷，实际上只准出不准进，出去的落地即隔离，这就是封城，而不是武装包围，北京当年就这样,1
关键是现在武汉源源不断的往外输出人口……,0
但凡当初武汉市政府重视起来，也不会像今天这样！,0
上联：福建福州福清福鼎福安五福临门，  下联：永安惠安南安诏安华安四季平安。  横批：长乐顺昌,1
1月17日了 还从武汉出来旅游... 这么说虽然不合适 但武汉的各位都是潜在病原携带体 真的尽量别去外省市吧...,1
是一直说未发现显著传人现象！！！而且一直给我们强调没有传染任何医护人员，就这句话误导了所有武汉本地人！19号回老家路上我们武汉本地才知道严重性！！！！当然我是出于谨慎开车回去，不敢高铁！！！是有人瞒报了吧！现在全武汉背锅！早点公布传染武汉本地注意点会有今天？武汉人也不会不自觉乱跑吧,0
在不停赞扬在祖国的带动感召下，公职人员、医务工作者、个体商户等体现出了伟大高尚、爱国情操和人文主义精神的时候，能不能给出一点点篇幅介绍一下先进的实验室、监控设备、检测设备、治疗设备、消毒设备、治疗和理护步骤、场所环境等这些非带动感召的事物呢？仅仅需要一点点篇幅就够了[作揖],0
比病毒可怕的是某些电商的那些无良商家！发国难财，这钱你们赚的心安吗？恳请电商平台监管，对口罩之类的防护品近期异常涨价的列入黑名单，秋后算账！,0
请大家善待医护人员，他们真的不容易，请不要拿医生来泄愤!!!,1
天气干燥早几周嗓子就发炎了，每天都喝淡盐水一直没好，还好没所述其他症状，看到这个消息吓宝宝一跳。,0
真的不排除人传人啊，大家一定要注意防范！！,1
过年难，难过年，年难过，年年难过年年过！祝安！,1
政府发布官方消息必须要专业人员查证和审查流程， 确保无误才能发布，所以肯定要滞后，这是正常的。不要指望官方消息早于小道消息。请重视起来，不传谣不信谣[给你小心心],1
临近过年了，人口流动频繁，做好防范！,1
08年汶川地震，四面八方的朋友帮助我们一起度过难关。今天发生的疫情，本质问题不是出在武汉，不止武汉有海鲜市场，不止武汉有野味，不发生在武汉也会发生在其他地方，只是早晚的问题，大家要认清形势，不要被一些反动派、没有良知的营销号带节奏。我们大家都是中国人，武汉也是中国的一部分。,1
此次突发事件，来得突然正直新春佳节，春运为病毒的传播，恶化创造了温室。本事件为突发可控事件，政府部门已高度重视各部门积极配合研发，研究解决办法。政府为患者报销80%以上费用，请相信政府部门。,1
现在人口流动大，大家还是多注意点从武汉回来的人(没有歧视武汉的意思)武汉人民 出门戴口罩 保护好自己,1
很多人一开始发热没注意，随便在小诊所拿点药吃…大城市的医院能确诊，小县城和小乡镇怎么整,0
上海。。。天津。。。河南。。。重庆。。希望不会有下一个了[泪],0
这次抵抗肺炎要全民参与。在全国，要控制在湖北，其他省份应做好必要防范措施。在湖北，要控制在武汉，其他地区必须做好防范措施。宁可严，也不能松。宁可错杀，也不能放掉一个可能！全国上下，团结一致，共同抗病毒！,1
请求电视滚动播放，联通电信移动发短信，加强中老年防护意识，让大家都重视起来，有症状及时就医，不要抱侥幸心理!!!,1
重庆   已经沦陷，其他省挺住啊,1
郑重倡议：在武汉的人们，就地过春节吧！ 其他地方的人能不到武汉就不要去了，在武汉的人们，能不出来，就别别出来了！ 大局为重！,1
武汉加油！武汉的朋友们一定要小心啊,1
划重点，返台时主动告知。希望从武汉搭乘交通工具回乡的人都要有这种自觉,1
全国各地都有，不要认为自己的所在城市没有报道出来就是安全，潜在的病号数不胜数，我们要做的是保护好自己。[感冒][感冒][感冒],1
武汉去旅游？求求你们不要出来了好吧,0
在武汉的人们，就地过春节吧！ 其他地方的人能不到武汉就不要去了，在武汉的人们，能不出来，就别别出来了！ 已经从武汉出来的人，尽快到医院检查下吧，为了更多人的健康[鲜花],1
这些病例都是输入性病例 全都与武汉有关 武汉方面说目前确诊就200多 但是不可能其他省份的病例都是与这200多人接触过吧 我觉得武汉现在应该已经非常严重了 可能还有很多尚未就医或者尚未发病的 但是看这个其他省份的感染人数 武汉现在携带病原的一定远不止几百人而已了,0
可以麻烦你们别乱跑吗[费解]我们在国外的很担心家里父母啊[费解][费解][费解][费解],0
这速度太吓人了,0
好恐怖，简直就是行走的传染体，可能病患都不知道自己染上病了，还到处跑[泪],0
请三大运营商以及当地政府都下发短信吧！！家里长辈很是不重视！怎么说都像极了我不想穿秋裤的样子,0
武汉出来的朋友（不管是不是武汉本地人），非常时期别到处走了。。。玩少一次两次没关系的,1
武汉的别出门了求求了…,0
刚开始不是说避免恐慌然后磨磨唧唧？现在全国失守？希望中央严厉问责这些官员！,0
我是武汉人 很抱歉因为武汉导致各地人民无法欢度新春佳节，生命安全受到威胁仅代表我自己 向各位说抱歉。武汉人民尊重国家的各项决定，最后希望各地人民一起对抗病魔 渡过难关,1
愿病毒早日结束，希望所有人都安康，钟南山院士太让人感动了，希望电视里也多普及一下防范措施，很多老年人不上网[心],1
在潜伏期内，武汉人民请保护好自己好么，对自己也是对他人负责,1
不想再听到任何地方有继续增加病例的情况了。。。 ???大家一定要身体健康呀！！！望一切平安 ?,1
传播速度太快了，注意做好安全措施和防范！希望他们早日康复，相信国家相信医护人员 加油 辛苦了！,1
新闻联播！短信一定要提醒到位！很多人都不知道这件事！特别是上了年纪的老人，而且老人抵抗力普遍较弱，请一定要引起重视！,1
唉！共渡国难！都不退缩！,1
[泪]长沙还是没挺住,0
安徽省的哭了，天佑我大安徽,0
各省相继沦陷，最近和武汉有交集的，请不要远距离走动，为自己也为亲朋好友[鲜花][鲜花],1
天啊，太吓人了！几乎每一个都是从武汉回的，说这个话没有恶意[泪][泪][泪][泪][泪][泪]希望快点好起来吧,0
现在真的太害怕微博弹推送了呜呜呜,0
愿平安,1
现在没隔几分钟刷一次微博就会有新的病例出现，我真的好难过[悲伤][悲伤][悲伤][悲伤],0
强烈建议加强农村偏远地区的宣传，从全国各地返乡的，都很有可能携带病毒，这两天将会是春运的最高峰，农村的人这方面意识比较薄弱，很有可能不知道病毒的可怕，所以请乡村干部们加强病毒的防治措施，加大病毒可怕的宣传力度！,1
一刷一个，陕西顶住啊[泪],0
：年轻人们都上网，对疫情关注密切，但是家长们对此却了解不多（特别是非武汉地区），防范心不强，并且对于子女的劝告大多都不重视，所以希望新闻能着重提醒防护的重要性。,1
不敢说年轻人不易感染了……,0
我发现我就是胆小怕死，经常生病每次去医院做了检查都要担心半天！现在真的怕呀！也担心家人和身边的好友，严肃的告知了我的家人，我妈比我还重视！但是我希望所有人都重视啊！我不希望我们这样重视的人一不小心被传染！！！！！！,0
不过度慌张，但也要保护好自己。希望大家健健康康过年??,1
好害怕，今天刷新微博都会看到新增感染病例，成都也有了。[悲伤][悲伤],0
医护人员真的很伟大 致敬[心][心][心],1
我勒个去，马上要到我老家了，[伤心][伤心][伤心]，大内蒙挺住,0
我大山西已经受不住了 希望剩下没有被感染的省份坚挺住,1
全国各地都要做好抗击病毒的准备。,1
江苏给我挺住！！！,1
真是不明白为何武汉还不封城？！还要让感染者到处瞎跑 到处传染别人！所有被感染的外省人和出国的人都是和武汉有关的！对传染病的处理效率真让人失望 不利落 拖拖拉拉 本来可以不感染其他省和其他武汉周边城市的 到头来还是全国都被感染了！更可怕的是年后返程人流量更大 口罩又买不到 搞得人心惶惶！,0
求求拿出禁毒的架势禁野味，拿出计划生育发避孕套的规模发口罩,1
武汉政府难辞其咎,0
：致敬伟大的医护工作者，致敬英雄，加油[加油][加油],1
真的是最危险的地方，加强防护啊。。。。,1
那几个贪吃鬼害死人了[怒],0
感觉都是中老年人占大多数，但是偏偏就是中老年人不重视,0
江苏跟北方各省撑住！！！,1
越来越多了，春运结束不敢想象,0
我大福建还是中招了[允悲][允悲][允悲],0
南方已经全部沦陷,0
首先要保护好各位医护工作者，保证医生的人员安全，防护工作和宣传力度一定要加强，还有街上为何还那么多人不戴口罩？,0
我大福建还是没撑住[泪][泪]口罩安排上！！！,0
气死了气死了气死了气死了不管是哪里人特别是武汉的！！！别乱跑！！（逃离之类）[怒骂]特么能逃去哪，还不是要祖国善后，我武汉人 都拦不住这边过年走亲戚 气死了气死了气死了[怒][怒],0
武汉为什么不能控制人口流动，真的很生气啊[泪][泪][泪],0
感觉没有哪个城市会挺住，回乡的都觉得自己没那么倒霉，不会出事，然而现实打脸。。。而且春节要到了，个个在外的都想回。。。,0
害怕，但是长辈都不重视，我苦口婆心地说，还骂我,0
注意安全，戴口罩出门，武汉加油吧，尽量避免走动，为了家人着想，尽量待在武汉，医护人员辛苦了，请给环卫工人免费配口罩吧，他们不论什么时候，都在为我们服务。,1
谁的儿女，谁的父母，谁的老公妻子？都是平凡人，你们却做着不平凡的事！向你们致敬,1
国各地都跑不掉，早晚的事。加强防控才是关键。,1
感觉病毒的脚步越来越近了。。。。今天去了几个公共场合，都见到有人“口无遮拦”地咳嗽，没什么人戴口罩，市民防护意识如此淡漠，一旦出现二代人传人，后果不堪设想。呼吁国家“有关部门”加大宣传力度，提醒各位市民提高防护意识。。。,0
哎 这些打工的人也不容易 吃野味biss,0
我真的有认真读这个文章 明明就是市场里最辛苦的打工者 却因为别人贪嘴贪财 得了这种病  太气了,0
湖北其他地级市完全被忽略了，我们这至少有一半的人从武汉回来/途径武汉，但是大家的防护意识太差了，大街上都没人戴口罩的，小地方也买不到口罩[允悲],0
求求阎王爷把那些暴力伤医的吃野味的那帮人赶紧收了吧，别让他们祸害人间了！,0
这是全国性的问题，不能只让灾区扛着，一方有难，八方应援！这样才能早日度过难关。目前封锁只会造成恐慌，还没到非典时的恶劣局面。,1
安徽挺住！！！没有被传染的省份地区挺住！！！,1
武汉几乎毫无管控，所以才弄到现在遍地开花。,0
看来全国范围都来了,0
公公认为吃麻辣烫火腿肠都能致癌，却偏偏认为我说的新型病毒要做好防护是在危言耸听。无奈,0
真的不是地域黑，非典时期北京都隔离封锁，必要时要考虑封锁武汉才是万全之计。电影寒战里也说过特殊时期就要特殊手段。,1
从可防可控到请求支援只用了三天......,0
直白的说 吃野味的都不配为人,0
武汉的空气有毒啊,0
在机场停留两小时就中招了,0
在湖北其他城市的，现在湖北到底有多少，真的不好说了。。。自己带好口罩，没事别出门了,1
一个武汉病人家属来我家乡扬州了 真是郁闷 自己家有人确诊 她还跑亲戚,0
抱着侥幸心理都觉得趁自己没被传染之前离开武汉，但就是这种侥幸最难逃过,0
希望当地医院和政府不要隐瞒实际情况，别跟之前的非典一样。,1
我大福建一定要挺住啊！！！！,1
：不幸的是，有一个吃野味的，病毒报复的就是全人类。,0
可见病毒对肺部的侵害是很严重的。,0
好消息[赞][赞][赞]致敬医者,1
给医护人员点赞,1
今天早上还是300多例 现在400多例 真的好严重啊[泪][泪],0
 现在全部的希望都压在研究人员了?? 辛苦了！ 希望尽快弄清楚这到底是个什么顽皮的“球” 俗话说”知己知彼，百战百胜”? 了解对手 才能真正战胜对手！,1
没想到今年的年货是口罩[摊手],0
请大家善待医护人员，他们真的不容易，请不要拿医生来泄愤!!!每次治疗都是一场战斗，医生都是义无反顾的在第一线，用生命和病毒抗争，医生应该受到大家尊解和理解!,1
03年非典就是一个教训，如今又历史重演！,0
针对消费买卖野味的直接按照治安管理处罚法实行拘留并且纳入征信系统。乱世用重典。讲道理非典这么惨痛的教训过了十几年 忘了？,0
武汉控制流动人口吧,1
迅速封城！赶紧重视起来吧，别再自欺欺人了！还好意思写信呢！这次事件武汉政府难逃其责！！必须问责到底！已经有感染出现后、还敢搞万人宴吃饭！！归根到底这次事情都是因为肾虚男！！吃野味补肾虚！肾虚们这么爱吃 害了这么多无辜人！活该不举！ 就该把你们嘴巴缝起来！呼吁立法禁止食用野生动物,0
国难当头，还在拿着国难造谣的人真够可恶的，必须绳之以法,0
请把造谣的抓起来[微笑][微笑][微笑],0
农村特别多过年聚众赌博的，搞在一起传染性强，有没有人管,0
咱这大街到处可见吐的痰，更不要说打喷嚏了，坐个公共汽车那帮人没往你头上打喷嚏都要谢谢他们了,0
为什么不透露档口卖的什么货？？就因为在那里打工？？也太不负责了吧,0
我认为制造这场灾难的罪魁祸首是人类，人类是不应该食用野生动物的。 人类大量残忍捕杀野生动物，把它们当作餐桌上的美味佳肴，以至于它们身上的病毒传染到人类身上，导致非典病魔肆意骚扰人类社会，严重损坏人类身体健康，甚至夺取人们的生命。,0
讲真我国的应急反应速度真的是最快，响应速度也是世界首屈一指的（当然首先是政策正确，指导方向是正确的）,0
国难当头 造谣biss！,0
：做医生真的太不容易了……熬好多年才能熬出来然而随时还要面对生死 真是最可爱的人,1
辛苦了一线救护人员??,1
不信谣，不传谣，造谣一张嘴，辟谣跑断腿,1
人家在一线工作 键盘侠在后面使劲造谣…,0
致敬一线救护人员，一定要保护好自己[心],1
沧海横流方显英雄本色[鼓掌][赞],1
谁愿意做”天使”，谁去做！ 多给些切切实实福利，尊重和理解[给力][中国赞],1
国士无双，他们都是真正的英雄,1
世上本没有天使 为了别人冲锋陷阵的人多了 也就有了,1
泪目 连试剂盒都没有 目前呆的医院已经变成省级定点医院 发热病人大批涌进来 n95自己医院都脱销 唉 说多了都是泪,0
我们需要的更多对更多敬业者的尊重！,1
中国挺住！,1
希望把严谨的消息发布给公众,1
是真的劝不动，父母觉得身边没有和武汉接触的人，他们又不去人多的地方，觉得病毒离他们很遥远……,0
中老年人多固执我这回是真体会到了[黑线]我自己都劝不动。,0
对于儿童年纪小的人不易感 总归是个好消息,1
火车乘务员因为规定不能戴口罩，是不是铁路部门应该让乘务员戴上啊，太危险了，接触的都是全国各地的旅客呀。这个时候建议还是不要注意形象了吧？,0
武汉的小可爱们，没事不要出武汉了,1
已经很难有城市幸免了,0
：硬是想逃离武汉可以? ??把口罩给我戴起来行吧算求求你们了 回乡了也不要离家人太近,0
请严格把控口罩价格，打击不良商家特殊时期哄抬物价。,1
不是有个传染14人的么？[费解]难不成昨天我看了一票假新闻么？,0
合理涨价都能接受，工人们也很辛苦，但是趁机发横财的没有心！[微笑],0
：将心比心 做个人吧 这种财不要发,0
发热可以检测出来，那在潜伏期以内的呢？这么发展下去除了封城没有别的控制办法了，03年北京都能封为什么武汉不能封？？？命重要还是回家过年重要啊[失望]],0
：吃吃吃就知道乱吃，老祖宗花了千万年给你们驯化了最美味最营养最安全的家畜家禽，偏偏人傻钱多去招惹野生动物，这几天真是气的话都说不出来了，能毁灭人类的只有人类，而且是又坏又蠢的那种[怒骂],0
：这个时候，所谓的特权呢？特权就可以给到大G女，就不能给到为民鞠躬尽瘁的钟院士了？,0
所以 特权不能给钟院士吗？？,0
：不封城过完年就全国遍布了。。无语了,0
今天还有同学从武汉坐火车回江西！哪里控制了！不是应该封城吗？,0
：怎么不继续搞万人年夜饭了？武汉政府难逃其责！,0
：很多在武汉的人 其实早就流向全国各地了。春运高峰期20天，多少的人流量......,0
无知的乐观 很可能是致命的,0
：怕是晚了！早期瞒报迟报，大家还去武汉旅游,0
比较可怕的是在密切追踪者之外的潜伏期患者。。。。,0
致敬伟大的医护人员，希望以后不要再有医闹事件,1
这才是正能量的人，真正为国家做贡献的人，微博推明星太严重了，,1
政府强力介入后，人口流动性下降，易感人口总量会减少，这确实会减少疫情暴发周期和强度。但是，因为叠加春运，接下来一个月可能会出现一个爆发高潮。因为病毒的潜伏期最长可以达两周，且潜伏期也可能具有传染性。这会给防疫带来一定困难。所以，要呼吁大家春节期间减少走动，做好防护。,1
真的想对那些野味爱好者们说一句：你们要自己作死一边玩去，伤害到无辜的人就是作孽！,0
我真是醉了，还以为新型病毒传染源多牛逼呢，结果一群憨批吃野味吃的全国上下人心惶惶,0
希望这波疫情赶紧过去，但愿不要再有更多人得病了??????,1
[泪]从武汉跑出来的憨批真的烦死人了,0
身边还有好多人从武汉回来的，发朋友圈炫耀，真的是无语了??,0
求求都不要再吃野味了，那些普通的肉不能满足你们吗，非要吃野味，已经第二次因为野味了！！！,0
三大通讯运营商 发信息提示提示吧！好多人不玩微博的  特别是年纪大的人。,1
：奋战在一线医护人员，记者们…一定要平安顺利！??,1
发国难财的都没有妈妈,0
新型冠状病毒，不过经过了非典之后。中国的应急能力确实有了大提升。处置速度明显快了很多。,1
这里有几百万的不知情大学生和打工者，一下子就被钉在了耻辱柱上，官方依旧清清白白，居然说是“由于疫情”有500万人离开武汉，明明应该说“由于瞒报误报疫情”有500万人离开了武汉。到底想把锅分给谁,0
【温馨提示】 全国各地朋友们， 勤洗手，多通风，人多不去凑热闹，出门必须戴口罩，不信谣，不造谣！向所有一线医务人员致敬！希望此次疫情过后，不要再继续吃野生动物了，政府应该加强打击力度，也希望国人能有前车之鉴，只求现在国人万众一心，众志成城。武汉加油！中国加油！,1
新闻越含糊问题越严重,0
北京2003年的经验告诉我们，再复杂的情况，只要社会全面动员起来，疫情都是能够控制的。所以现在需要的不是慌张，而是坚决行动起来，调动起全社会每一个人的责任感，在疫情面前真正做到众志成城。[中国赞][中国赞][中国赞],1
那到底是啥你说清楚 什么都不说明白  整天辟谣 你要是让大家整明白了 哪还有谣 谁信谣,0
[允悲]现在华南海鲜市场休市了，那些商户好多都跑到新华路和发展大道上面继续经营，乱得很,0
希望尽快查明原因，让大家安心过年,1
总觉得不会有大问题，微博一看又瑟瑟发抖[跪了],0
真心不敢生病，医院里的人太多了，没三四个钟头都拿不到药。倡议医院简化流程，取消指标，让医生毫无顾忌地看病，让病人和家属少折腾！,0
出院就好了，最近好多人感冒,1
查出原因和病原体就好了，祝那些患者早日康复，做好防护措施。,1
希望疫情早日得到控制，望一切平安[心][悲伤],1
出门一定戴好口罩 少去人多的地方 回家马上洗手哦 大家平平安安的！,1
电视新闻滚动播放吧 求求了 家里人听不进去[跪了][跪了],0
武汉高校很多，希望大学可以推迟开学，减少春运后的大规模人员流动，不管情况到底怎么样，希望尽量减少人员流动，缺的课可以补，延迟暑假放假也可以，希望推迟开学时间，减少人员流动[可怜]，我们不会恐慌，相信我国现在的医疗技术，只是希望在这个时候尽量减少人员流动，帮助疫情更好控制[加油],1
大家都要平安！注意少去人多的地方，出门戴口罩，勤洗手，按时作息，生活规律，注意饮食，加强锻炼！前线工作的医护人员注意安全 辛苦了,1
各个城市都开始出现疑似疫情了[泪]希望疫情能尽快得到控制，大家都能安心过年,1
第一之前对病毒了解很少，没人敢下定论。第二没有快速确诊的方法，所以很多病例只说疑似！国家坐视病毒扩散有什么好处？别张着一张嘴就四处造谣！你拿键盘去救人？,0
之前为什么不公开 严重了 捂不住了 就公开了 之前公开 可能就只有武汉有..,0
加油武汉人，能不出武汉就不出武汉。 外地人能不进武汉就不进武汉。,1
典型的不作为！扩散了才接受采访，弥补，有用吗？,0
希望今天的新闻多报道几次，各卫视也滚动播出宣传，短信也发，让中老年人高度重视！！我们跟他们说根本不听！觉得没那么严重,1
武汉的大学可以晚点开学了，真的太可怕了,0
动告知挺好，可以控制疫情。愿平安,1
即时？那老早意识到问题严重性，就自觉积极退票的人呢？神烦,0
武汉四万居民聚餐，疯狂上分，要当2020第一个王者?,0
医生也都是爸妈的宝贝，好不容易读完做梦都考不上的北大博士，就让垃圾随便给伤害了[泪],0
武汉人民春节就在家过吧 不要走亲戚也别去人多的地方了 真的太危险了[跪了],0
所有航空公司都拒载发热旅客就对了！[doge]免得到处是新病例！吓人！,1
现在的措施越来越全面了，中国加油！武汉加油！医务人员辛苦了??????,1
不是歧视武汉人。真的这疫情，请各自安守本分，不要到处跑。把疫情控制到最低。,1
说真的，封锁武汉吧，不是杠，再这样下去，世界其他国家也要乱了，这一传十十传百的能力真的太强了,1
越来越火了，希望大家着手准备抗病毒。,1
东北大连也确诊一例，，，，是从武汉会大连的在武务工人员,0
又是从武汉出来的 真的不能替全人类着想么？？？,0
那些无耻之徒还要伤医！伤心！！！医生大都是医者仁心！有什么事不能好好说吗？！,0
希望砍人的人，全家病都治不好[摊手],0
医护人员辛苦了，要注意自己的身体与安全啊[给你小心心][给你小心心],1
已经涨价了  而且好多都没货    只有带呼吸阀的才有货,0
疫情面前，医护人员日常所做出的一切，所作的牺牲才被看见、才受重视，但愿疫情过后，尊医重卫能不只是一句口号！,1
广州在治疗呼吸疾病方面的水平算是国内顶尖的了，而且国家呼吸中心落户广州[doge],1
致敬所有奋战在一线的工作人员，请在挡在疫情之前也务必要照顾好自己，希望大家都能平平安安，一切都会好起来的[心],1
都在刷板蓝根  其实板蓝根确实对病毒没用 但是它能增强自身免疫力抵抗力  就算是万一不幸得病 治疗期间抵抗力也是很重要的[可爱],1
广州真的[赞][赞][赞]，别的不说，应急措施比其他城市及时多了，北上广深港目前只有广州没有确诊病例，应对很超前,1
经过春运这次的全国人流大迁徙我想这段时间是传播最快的时候了，那些人流密度大的地方尽量不去和少去，特别是家人们都还不是很重视这个希望加强宣传力度让他们一定要重视起来，电视新闻也要及时跟上24小时报道最新感染情况，因为那些城镇居民或者老一代长辈们都是从电视上了解信息，他们都很少上网的。,1
口罩能不能多来点[跪了]网上我看好多店铺都卖光了,0
过年员工放假，工资三倍，快递放假，稍微高一点能理解，但是如果想着发国难财，真的不可，淘宝这次也拿出来了态度和措施，值得[赞],1
请把涨价10倍，20倍的商家处理一下，3.4倍还能接受，10倍就是在发国难财，30个口罩怎么就能卖1500了,0
武汉的真实疫情是有多严重啊？,0
个人建议武汉封城严查出入人员，全面消毒，携带病毒者出城请不要乱跑啦，在武汉待过的人请主动去医院检查身体??????愿病者早日康复[心][心]还去外国[doge],1
前两天天就有个发着烧的武汉人坐着飞机跑到法国来了，入境的时候吃退烧药骗过了红外摄像，然后她还得意洋洋地在朋友圈炫耀她骗过了法国入境处，不知道这种人脑子里是不是装的都是屎。,0
最近每天三点睡…每天更慌一点………,0
非典就是封城，只给进，不给出，武汉不作为呀，害了全国人民，甚至世界人民,0
武汉朋友们，特殊时期特殊手段！委屈一下，共同度过难关！[拳头][拳头],1
全国各地都有，不要认为自己的所在城市没有报道出来就是安全，潜在的病号数不胜数，我们目前要做的是保护好自己。不给社会添堵！这感觉回到以前非典时期了？这传染病毒太快了，不注意就遭了，连国外都开始传播了！[感冒][感冒][感冒][感冒],1
所以这个也去过武汉？？到底实际多少人确诊这个数据真的正确？？,0
刷到几个叫“逃离武汉”的tag，说要到别的地方去避难，还发了自己连夜出武汉的视频，虽然很理解他们害怕的心情，但我希望不要太自私，不是自己多高尚，只求别把病毒越弄越大了，安全一人伤害百人真的不划算，美国刚刚确诊的首例也是外国人去武汉旅游染上的，希望武汉同胞能度过难关，也希望国家能封城,1
发个通告，等人体不适再去医院就晚了，RNA病毒变异强。10号左右出武汉又没有体温检查！,0
感觉还是有隐瞒的，跟非典前期一模一样，这种事情报道出来又没人会怪你，藏着掖着害人不浅,0
每从武汉出国一个就被查出来病毒？？？那武汉到底有多少,0
请求电视滚动播放，联通电信移动发短信，加强中老年防护意识，让大家都重视起来，有症状及时就医，不要抱侥幸心理,1
你看有的12月在武汉待过，现在患病的，这么说起来学生党都有可能，然后武汉一堆全国各地的大学生[doge][doge][doge],0
武汉的不要出门了行吗？求你们了,0
？为什么长沙机场工作人员不允许戴口罩 影响服务形象？被感染了领导负责吗？？？ 我作为一个女儿在家里再三提醒父母要戴口罩 到了机场却通知人员不允许戴口罩？？,0
不敢刷新微博了  家人还叫我不要恐慌  怎么才能让身边更多的人重视起来啊  大家一定要保护好自己 出门一定要戴口罩！！！！  愿平安????医务工作者辛苦了,1
刷一次出来一个城市 大家一定要挺住啊 做好预防,1
当时武汉发现多例病例 虽没确定人传人 但也应该先做高级别的防控 毕竟集中出现多例 而不是等到全国甚至全世界都传播开以后再作重点防控 这时已经晚了。。非典的经验和教训还是没能让这次疫情控制扼杀在最初期。年后是返程高峰，希望zf能提前发通知延后开学或者上班 控制控制疫情吧[跪了][跪了][跪了],0
中国都快被黑死了，求求这些有苗头的出症状的，不管确诊没确诊，都别出国了，自己都这样了别再祸害别的国家了，都是人，都是生命，看看外网是怎么骂咱们国家的，我想上去反驳都特么找不到理由,0
那些无证经营利用野生动物从事野味经营和吃野味的患病的，你们身边人、我们、这个社会、这个国家，凭什么要为你们的违法行为付出人力、物力、财力甚至是性命的代价！经历过非典还这样肆无忌惮，这种大难不死必有下回型的人请一起打包从人世间消失好吗？,0
春运高峰已至，请求国家疾控中心即刻启动全国机场车站等人员流动区域的体温检测和消杀程序，对车厢站厅每日多次消毒，尽最大可能减少病毒传播空间，求求了，担忧！！,1
潜伏期病人无法通过测体温筛查出！呼吁尽快强制执行武汉禁出禁入！,1
发短信提醒！！！所有人都得重视起来啊！！！全国的联通，电信，移动！老人家还没重视起来！[跪了][跪了]。当然，我们相信钟院士一定会全力以赴来对待此次病毒的！[作揖],1
愿平安[泪]小地方没有医疗条件都不清楚到底有没有病例，好担心[泪],0
一刷多一例[跪了]希望大家都重视起来，在家里别出去走动了??????祝大家都健康平安????,1
这些病例都是输入性病例 全都与武汉有关 武汉方面说目前确诊就200多 但是不可能其他省份的病例都是与这200多人接触过吧 我觉得武汉现在应该已经非常严重了 可能还有很多尚未就医或者尚未发病的 但是看这个其他省份的感染人数 武汉现在携带病原的一定远不止几百人而已了,0
国士无双，众志成城，共渡难关,1
看到今晚新闻1+1，白岩松说钟南山教授太累了[悲伤]好像昨天连线的时候出现短暂忘词。希望钟老身体健康长命百岁。,1
幸也不幸，第一线的还是他 八十四 英雄暮年，仍需披甲上阵 十七年 这土地上，终究没出来第二个钟南山 培养一个好医生有多难 毁掉却只需要一把菜刀,1
医护人员一定要注意防范啊！愿一线白衣天使珍重，万望平安。,1
医生护士辛苦了啊 这场战争大家都要努力啊,1
江苏，湖南，福建，三个被包围城市，大家都有平安健康啊,1
湖南要稳住！,1
众志成城，防疫抗毒！新年最大心愿，就是此战完胜，患者、医生、护士、记者……所有人都平平安安！,1
湖北居住史旅行史具体能说说吗？我们距离武汉1小时动车车程的地方街上人们的警戒性还没外省的高咧[汗],0
愿病毒早日结束，希望所有人都安康，钟南山院士太让人感动了[心][心][心],1
家里不刷微博上了年纪的人根本不关心不重视 能不能请有关部门在电视和手机短信上多做点宣传啊[傻眼][傻眼],0
还是武汉输出的病人，还是要加强传染源的输出防控啊！！！,1
周口太康的我瑟瑟发抖 之前还一直叨叨着人间不值得 今天下午还没有确诊的时候 就去买了口罩洗手液 真的要提醒身边的人注意防护 大家一起加油！都会好好的！ [加油][加油][加油],1
相比于17年前非典时期的国家，现在的中国变得更加强大，各方面也都在提高，相信一切都会好的,1
[泪]要平安，我是武汉人，我希望所有人都能团结起来一起对抗这次灾难！！！,1
预防千万条，口罩??第一条。健康第一位，不要吃野味。不往人群挤，病毒不缠你。洗手很重要，胜过吃补药。通风也要紧，疾病无踪影。,1
就这几天，各地（包括国外）病例陡增，并且都是输入型，所以，武汉本地不可能只有两三百病例，这完全不合逻辑！,0
如果发现自己感冒发烧就不要拖着，赶快去医院检查,1
这传播速度也太夸张了吧，遗传物质是RNA还是DNA啊[生病][生病][生病],0
？？？新加坡？？？天呐,0
这次政府机构反应速度很快[中国赞][中国赞][中国赞],1
12月就有了 1月多才开始重视起来的,0
我们唯一能做的就是不传谣，不信谣，保护好自己，相信祖国[感冒],1
在疾病面前 希望大家能谨慎对待 照顾好自己  还有尊重医生[心][心][心]他们是第一前线的人 不应该被伤害,1
请关注传统宣传方式，比如电视、广播，家里很多不玩微博的人到现在都不知道这件事，都是打电话过去挨个叮嘱，而且不如官媒有力度[心],1
推迟大学开学吧，说真的，毕竟谁也不清楚返校的武汉人身上有没有潜伏的病原体[失望],0
1.20号，朝阳医院医生被砍，讽刺吧。,0
卫计委还是说点实际的吧 感染的医务人员医药费谁出？后期康复的有什么待遇？死亡的医护人员家属享不享受烈士家属待遇？,0
病毒杀病人，病人杀医生，医生杀病毒，可怕的是病人杀了医生那谁去杀病毒？？？？快醒醒吧！重视医护人员安全！！！,0
祈祷和敬畏所有的医护人员，望平安??,1
我会保护好自己，远离人群密集处，勤通风多洗手提高免疫力，不给医护人员增加负担[抱抱]希望快点结束吧,1
sars也是乙类传染病按甲类处理 [跪了] 这次这个这样一定性 看来真的来势汹汹,0
在疾病面前 希望大家能谨慎对待 照顾好自己  还有尊重医生[心][心][心]他们是第一前线的人 不应该被伤害,1
现在国家比我们还着急，新病毒感染途径和特征需要时间去研究，我们需要做的是：  1、没有特殊情况，老老实实家里呆着 2、命比过年重要，实在不行就异地过个年 3、不要侥幸，认真按照专家的话做好防御 4、相信我们国家的实力，17年前我们能打败非典，现在更能。,1
那么多天了，钟南山院士到了以后才说出实情！武汉那些狗官们又被政治和谐了，这就是隐瞒民众的知情权，应该阉割！,0
还好措施做得好 不然疾病就要疯狂扩散了,1
我去药店买医用外科口罩，跑了四家店没买到[允悲],0
一开说的是没有明显人传人的现象[doge]后来消息冷了，再后来国外出现，再后来国内多了[doge]感觉还是检测不到位[doge],0
怎么突然就严重了？？？？[生病][生病][生病],0
早都说了 有人传人 这个病毒就是近距离空气飞沫传播 大家多注意,1
越早承认能人传人，越有利于防控工作的开展。幸好还是有敢说话和实事求是的人。要不继续拖下去后果不堪设想！,1
戴口罩，勤洗手，保持卫生，平平安安,1
八十几岁了临危受命挂帅抗瘟，敬佩！,1
不怕一万就怕万一，小地方的也防范一下,1
防控要落实，主要还是不要乱传造谣,1
都多少天了。。才说。。这也叫快 一定要搞得民心惶惶吗,0
携带者初始一点症状都没有，怎么能避免嘛？,0
这个是新型病毒，确诊并不是大家想象中的简单，需要疾控中心的专家组检测。现在全国卫生部门都严阵以待，一旦有来自武汉的发热病人，都会被引导隔离，报告疾控中心的专家组进行鉴定。希望大家注意个人卫生，尽量不要到人口密集的地区。,1
不要再随地吐痰，吐口水了。咳嗽打喷嚏（不管什么原因），请您用胳膊肘捂嘴??出门戴口罩,1
找到源头是关键啊 唉 希望大家平平安安过年,1
现在的人随地吐痰，又不戴口罩，希望大家重视起来吧，有症状赶紧去治疗，也希望政府实时公布最新消息，做到可防可控可治，提高民众的防范意识才是最重要的。[吃瓜][吃瓜][吃瓜][吃瓜],1
仅靠”维稳”解决不了流行病防治。,0
想不明白为什么还没迅速上升为全国性事件，武汉春运返乡会放射性的辐射到全国，再不让民众有防疫意识到时只怕更严重,0
武汉，现在才开始飞机火车监测体温。这发现都多少天了，一开始就该交通枢纽区域检测监测。这春运都多少天了。早就应该检测。说句不好听的，武汉就是没控制住。,0
药店已经买不到N95了 武汉断货了 要买只能网上从其他省份买 快递过来,0
越公开透明，大家越平静，点赞。武汉是全中国在校大学生最多的城市，还是重要的交通枢纽，这春节临近人来人往的，去药店买专门的防护口罩N95吧，经历过2003年非典的人对此消息真的很敬畏??,1
真的挺害怕那些不戴口罩 又不勤洗手讲究卫生的人，不把自己生命当回事传染了还要害人的人！,0
就应该隔离 限制出省 这是要嚯嚯全中国人啊？当年非典该隔离都隔离了，自己自私明知道发烧还瞎走，万幸只是一个病原体且还被控制了，一飞机的乘客健康生命你担待的起吗？,0
已经不再只是武汉的问题，开始武汉只有几例的时候连武汉人都觉得不是问题，现在武汉从个位数上升到百位了。只要当地确诊了有感染者当地的都悠着点吧，谁知道那一个人又和多少接触过的人有过传染的可能,0
我是武汉的，为什么不在家里老老实实待着，非要出去，就算是外地在汉的也不要回去，为什么，因为别的地方没有传染的话他的医疗资源就可以给武汉用，之少口罩没问题吧，现在他妈的全国都没有口罩了，是不是害人害己呢,0
愿一切尽快安好，中国人口这么大，流传病万一不可控将是人类的灾难,1
所以这17例是之前潜伏的还是后面传染的,0
全中国都在着急，只有武汉不慌不忙滴,0
做好个人卫生，勤洗手，尽量不去人群拥挤的地方，出门戴个口罩，如果有发热等症状，及时去医院看看，这些都是自己能够做的。,1
医护人员是这场战役的前线作战人员！但近两天仍然持续有医护人员被打的事件分别在山东和四川发生！那些当官的有没有关心一下全国这些冒着生命危险在一线守护人民健康的作战人员的工作安全？！,0
筛查力度变大，确诊病例增多，希望都在控制范围内，愿大家平平安安[心],1
武汉但凡一开始重视一点至于搞成这个局面，接着辟谣呀！,0
求求你们武汉的别乱跑了......虽说过年一家人要团聚，可若携带病毒回家岂不是一家人整整齐齐染病？？？,0
按道理说湖北本省在武汉工作的人很多，目前回家的也有很多，湖北省内除了武汉市以外的地市为何还没报疑似及确诊病例？而省外和国外缺接二连三报告病例？,0
钟南山院士说，没有特殊情况不能去武汉！希望大学如果有可能的话，尽量晚一点开学啊！（把落下的上课时间挪到暑假补也可以啊！）？一定要做好日常防护，消毒措施！过年了，大家还有医护人员都要平平安安的！,1
武汉这次瞒报疫情的领导真的会被盯在耻辱柱上。还有不是歧视啊，建议武汉的朋友如果没回去过年这个年就先别回去吧，常住武汉的朋友应该暂时别往外跑了吧，这次新型病毒传播那么厉害，以免往外扩散。不好意思啊！愿平安????,1
瞒报倒不至于 大概率就是没确诊 没百分百确认不敢放话。但是我个人觉得的确警报没拉到位……就在前三四天 我评论说让大家务必提高意识 有医护人员感染了（医院体系里认识人所以我事先知道了）。本意就是希望大家重视 再没说其他！！就有武汉本地人跟我杠 说他们都稳得一批 我乱带节奏,0
真的 别跑了！武汉但凡一开始重视一点至于搞成这个局面……,0
病毒传播就像细胞分裂一样，一个变两个，两个变四个，都是成倍增长的，现在的基数已经上升到百了，再不重视百再乘以倍数成千上万是很轻而易举的事。,0
就算买不到那两种口罩，也可以带普通医用口罩，多多少少都能挡住一些，减少外出,1
钟南山院士说了1个病人传染14个医护人员，说了两遍，已经出现超级传染者了，病毒升级了，再不防范，随着春运只会更严重,0
珍重生命，这个家庭今年过什么年啊，惋惜。医护人员也要自己保护好自己，总会有一些情绪激动的病人或者病人家属的。,1
预防千万条，口罩第一条。不往人群挤，病毒不缠你。洗手很重要，胜过吃补药。通风也要紧，疾病无踪影。,1
主要是现在口罩也买不上了，回家都是火车站，汽车站，机场 这种人流量比较大的地方，还是有点担心,0
很多人不引起重视，说买口罩还觉得没必要，甚至说买了也没用，简直无语,0
电视上也要滚动播报啊，父母根本不重视，很多人都不知道情况，跟他们普及也听不进去，觉得小题大做，电视多做普及吧，起码引起重视,0
最近大家都别往人群里钻了，保护好自己，也要相信我们的医护人员[心],1
看到钟院士我们就安心了！无论是非典还是现在的新型冠状病毒，好像只要钟院士在，我们就觉得什么事都不用担心！谢谢奋战在一线的医务人员和科研工作者，你们也要保重身体！,1
这个时候我们的医护人员冒生命危险冲在第一线，向他们致敬，不希望再出现伤害医生的事件了，没有他们，我们只剩下绝望[心],1
能在电视上或者短信让家里长辈知道严重性吗？我刚刚买口罩问家人群有没有要带的，结果被中老年人骂死，说我们年轻人整天宣传危机，根本没那么可怕，我服了[作揖]。他们说我们是在造谣，这个根本不可怕，说我们再抢口罩什么的要被抓起来的我真的一句反驳的话都懒得说了哈哈哈。,0
个人建议：在武汉的亲们，就地过春节吧 武汉能不去就不去 能不出就不出 以大局为重[作揖]真的不能再蔓延了,1
最终 河南也……[伤心][伤心][伤心],0
麻烦你台新闻联播把这个疫情上升一下好吧，今天的新闻50分钟，这个疫情才占了2分钟，还是7点半以后呢,0
河南人口密度太大了…… 真的担心 周口市又是河南省人最多的市……[泪] 过年了大家都回老家了……,0
河南不光人多，郑州还是重要的交通枢纽。。。,0
钟南山院士说，没有特殊情况不要去武汉！希望大学如果有可能的话，尽量晚一点开学啊！（把落下的上课时间挪到暑假补也可以啊！）？一定要做好日常防护，消毒措施！过年了，大家还有医护人员都要平平安安的！,1
这些病人是不是要到处转院，医院会不会收，那些爷爷奶奶那一辈的会不会担心自己问题不想麻烦孩子们，老人们可能就会以为是小感冒，不太当真,0
国家花几十年，耗费上亿资金和无数人力建立起来的检疫体系来保障我门餐桌上肉类的安全，有些人费用作死去野外找吃的，那群人怎么不去当野人啊？,0
我就知道河南跑不了了[跪了][跪了][跪了][跪了][跪了][泪][泪][泪][泪],0
我们小县城可以检测吗？家里人都不把这个当回事儿可咋整啊,0
天呐 全国都被…。,0
新闻今天已经报道了，而且武汉市市长也说了不会因为武汉的原因扩散至全国造成恐慌，而且政府也做了相应的措施了，我们要做的就是不要慌，相信国家，相信政府，按专家建议做好相应措施，武汉加油，中国加油??????,1
不光各大城市要行动起来，全国乡镇政府也要做好预防宣传工作，很多村镇的中老年人都不信这事，甚至不以为然无所谓的态度。还有就是全国确诊病例能不能住院可以不收治疗费用！,0
0号到20号都没有隔离吗?那在街上随便乱窜或者在普通病房都可能传染不少人啊（真诚发问 非杠）,0
建议新生儿科单独隔离，毕竟刚生产完的产妇和刚出生的婴儿抵抗力很差,1
请不要隐瞒自己的病情，不给身边的人添麻烦，也不要给前线的医生护士添麻烦,1
12月底就发热了 ！快一个月了 接触了多少人啊,0
除了医院，各级领导能不能让火车站高铁站等这些工作人员都带口罩啊 ，在火车站工作真的害怕了[泪]人流量那么大 还春运  我想戴口罩,0
河南外出务工大省，早晚会出现的，好担心。。。,0
河南绝对不止这一例 这位患者的发病时间是在元旦之前 大家品一品。。。 还不说那些没发现的 武汉往来郑州每天那么多高铁班次。。。河南老乡们请务必做好防护,0
强烈建议用什么办法给老年人科普一下，根本不听我们说的，这个时候都还要出去吃年夜饭，我说我不去行不行，还被骂死,0
现在国家比我们还着急，新病毒感染途径和特征需要时间去研究，我们需要做的是：  1、没有特殊情况，老老实实家里呆着 2、命比过年重要，实在不行就异地过个年 3、不要侥幸，认真按照专家的话做好防御 4、相信我们国家的实力，17年前我们能打败非典，现在更能。,1
我还不如留在北京，像我们这种小县城，都在忙过年，药店口罩随便买，压根没事知道，就算有了，也没法确诊，更别说治疗[泪][泪][泪],0
郑州也是交通枢纽，最不想看到枢纽城市出事[泪]赶紧过去吧??,1
江苏被包围了,0
所以说刚好赶上春节真的是最倒霉的事了,0
早知道会有，全国各地一出，就在等河南出防御措施，迟迟没交措施报道，直至今日才有禁止公开场所销售活禽。政府消息就这么闭塞，就非要啥时出事了，啥时才有措施,0
我河南人开始慌了[允悲],0
吃饭前还在庆幸河南现在没有确诊病例，结果吃完饭刷微博就？这20天他得接触多少人[跪了],0
这是一个月前出现症状的，实际接触可能已经大规模传播了，恳请去过武汉的在家自我隔离一周??,1
感觉我们河北不是没有，是没检测出来[悲伤]医疗落后,0
又是在武汉发烧回河南就诊的，无语了[汗]，都知道发烧还要带出省外，深圳的那个也是，在武汉就发烧了非得回深圳就诊，把病毒带过去了[哼],0
紧挨着武汉！[跪了]怕了怕了,0
真的心累啊，跟我妈讲了有2天，这次的肺炎有传染性，戴口罩！戴口罩！不要去打麻将了。她跟我来一句，我可以带着口罩去打麻将啊。扭头就走了，彷佛我是个空气。,0
当年非典也是十二月份出现四五月份大规模爆发  现在不要相信国外媒体别有用心的虚假宣传  我们华夏泱泱大国  什么灾难没见过,1
河北陕西加油(? ??_??)?稳住,1
河南人很多，小县城人口密度更大，很多人都不知道现在这个新型冠状病毒的严重性，甚至都不知道有这个病，而且就算得了也不知道自己得了这个病，因为医院的基础检测设施有的都没有，没办法检查，连个甲流都检查不出来，只能去县城一家大医院甚至市医院??，希望大家平安度过这个病，以后都远离野味,0
河南周口郸城的我在家瑟瑟发抖  建议发短信  然后街上广播滚动通报  家里人根本不重视啊！！！！！,0
北上广深港，就剩广州没有沦陷了。。。挺住了广州。。。武汉加油??????[加油][加油],1
小县城咋办，具备检测条件么[允悲][允悲],0
在特殊时期长口罩价格的黑心商家  你们会有报应的,0
河南也有了[跪了]人口大省 郑州又是交通枢纽 大家都要重视起来啊,1
先回的周口…再来的郑州…十几天才开始隔离治疗，我真是操了,0
不说了，我已经在去买口罩的路上了，大家都要注意安全,1
剩下的河南人都给我挺住！淮阳区坚持住，武汉尽快隔离吧[泪],1
发个短信吧，吓死人了，可是父母根本不听,0
平安,1
才刚在热搜底下看到河南杜绝菜市场生禽售卖 才一会功夫就看到河南确诊了 唏嘘 波及的速度太快了……,0
为什么病例都出现在大城市？春节务工返乡的人那么多，小县城是否具备检测条件？,0
我们十八线小县城具不具备检测条件啊  能不能重视一下  紧张死了??,0
台湾那个真是奇才   不顾生死也要带病毒入台  真是可歌可泣 做到了解放台湾[嘻嘻][good],0
请严格把控口罩价格，打击不良商家特殊时期哄抬物价。企业应该把社会效益放在首位，实现经济效益与社会效益的合理结合,1
闻滚动播放 求求了 现在跟家里人说他们根本不当回事！[跪了],0
卧槽，117名？这也太怕了,0
武汉加油??????,1
请严格把控口罩价格，打击不良商家特殊时期哄抬物价。还有武汉的医护人员辛苦啦！你们一定要坚守阵地，特别理解你们的付出与辛劳[作揖],1
家里长辈都说我大惊小怪[感冒],0
香港都117，武汉200不合理吧，这个数据有问题，替武汉人民担心,0
前如果没有研发出针对这种病毒的特效药的话，治疗只是辅助性的，最主要还是要依靠人体自身的免疫力来抵抗，抗得过去就没事了抗不过去就.......是这么理解吗？,0
没打错！？117？,0
如果不吃野味屁事没有，吃了野味，全国乃至世界要为你善后！,0
延后上学吧，拜托了??,1
早干什么去了，为啥要到快失控才来处置,0
一开始干嘛来的藏着掖着 现在兜不住了才出来说这话？而且那么多春运回武汉过年的过完年还要去到全国各地工作的你怎么管控？早干嘛来的…,0
武汉加油，辛苦医护人员了[心],1
钟南山院士说，市长呼吁！没有特殊情况不要去武汉！希望大学如果有可能的话，尽量晚一点开学啊！（把落下的上课时间挪到暑假补也可以啊！）？一定要做好日常防护，消毒措施！过年了，大家还有医护人员都要平平安安的！,1
早他妈干嘛去了？？？,0
请市长放心，我们武汉人也尽量不会外出，做好防范的[心]也请大家放心，望平安??,1
现在才呼吁，早干嘛去了？？？,0
老是说武汉人不出武汉，可以呼吁下武汉人过年不要拜年串门吗？,0
委屈一下武汉人了，也别出来！,1
请大量转播，滚动传播，身边很多人因为时间关系没来得及看新闻的，要多加传播病毒的危害性，多加防范,1
现在关键是武汉出港人群的控制。。。。,0
大家少出门 注意卫生 记得戴口罩 不要去人多的地方 尤其是已经出现有确诊病例的地区 希望大家都平安?? ???,1
请确定湖南永州肺炎病例真假性，目前常德的辟谣了，但总归要预防，现在家里人都不怎么引起重视，口罩涨价涨的飞快，希望保佑我大中国，武汉加油，湖南能没有就没有,1
武汉那时候都是说有总量100w大学生和研究生，这么多学生总归是要回家过年的，这个人口流动不可谓不大啊。,0
大家注意卫生 记得出门戴口罩,1
现在在武汉的人也辛苦委屈下了，希望都平安健康！,1
我作为武汉人民的一员，希望过年期间能让商场停业,1
隐瞒不公告，对公众安全事件处理 不及格，该下岗了！,0
武汉高校很多，希望大学可以推迟开学，减少春运后的大规模人员流动，不管情况到底怎么样，希望尽量减少人员流动，缺的课可以补，延迟暑假放假也可以，希望推迟开学时间，减少人员流动[可怜]，我们不会恐慌，相信我国现在的医疗技术，只是希望在这个时候尽量减少人员流动，帮助疫情更好控制[加油],1
别出去也别去，待在家,1
武汉挺住！关键时期！全国都在积极应对！ 都一起加油?? 武汉的同志们减少外出，加强防护！,1
一线医护人员一定要平安顺利！??,1
武汉高校特别多，100W大学生，希望大学可以推迟开学，减少春运后的大规模人员流动，不管情况到底怎么样，希望尽量减少人员流动，缺的课可以补，延迟暑假放假也可以，希望推迟开学时间，减少人员流动，现在想着回学校就很慌。相信国家，但是不能给国家添堵,1
危重症…天哪,0
果今天钟南山院士没有说明有14名医护人员感染病例怕是武汉官方还不会出来公布吧[摊手],0
感觉宣传力度不太够哎，不上网的人很多不知道严重性,0
医护人员救死扶伤的同时也要保护好自己呀??,1
请求封城啊！！！请求封城！！,1
医护人员真是前线，高危，希望他们平安,1
昨天下午看到陶勇医生被砍，晚上看到钟南山院士84岁去了武汉，今天早上看到15名医护人员感染，心里真是堵得慌，医护人员太难了，尽心尽力治病救人，还要承担被杀被感染的危险[失望]医生护士都一定要平安啊??,1
感觉挺严重的，央视这么晚了还在发微博，希望很快能控制病毒。??,1
各位！！！！！我真的好无奈啊，我身边人除了我都不重视这件事[泪][泪][泪]真的气死我了！！！,0
今天又多了一名医务人员感染，昨天刚刚几位被砍，医生这职业是为别人送命吗??,0
现在国家比我们还着急，新病毒感染途径和特征需要时间去研究，我们需要做的是：  1、没有特殊情况，老老实实家里呆着 2、命比过年重要，实在不行就异地过个年 3、不要侥幸，认真按照专家的话做好防御 4、相信我们国家的实力，17年前我们能打败非典，现在更能。,1
妈的刚刚还有博主带医院节奏,0
医务人员真正高危啊，不说提高待遇，把他们为人看病基本的生命权保护好啊！！！！！！,1
都对医生好点吧，你们在过春节，人家冒着生命危险抗战在第一线,1
已经证实可以人传人了，能不能让武汉所有乘务员、安检员带上口罩！一个空乘一天飞4段，要接触七百多个旅客。如果被传染，可能会变成一个很可怕的传染源[生病],0
请医护人员务必做好防护，先保护好自己，再救助病患，加油！一定会好起来的！,1
马上就过年了，这个冠状病毒却肆无忌惮的从武汉蔓延到全国，肯定人传人而且速度惊人，钟南山院士的出山又联想到了17年前的非典病毒，至今还记得人人都吃板蓝根预防。现在真心觉得医务人员真的不容易。各类伤医事件层出不穷。希望这个病毒早点被遏制治愈，天佑武汉，天佑山东，天佑我华夏[心],1
希望都好好的[心][心][心][心],1
这个传染速度。。。请各省市加强对人口流动的监控！不仅武汉，所有省市的火车站高铁站飞机场都加强检测体温吧！（刚听说我现在的地方也有确诊的了[泪]）别让病毒再扩散了[泪],0
感觉宣传不够，措施也不够，昨天从武昌火车站回老家，火车站工作人员都没戴口罩，安排的卫生站点毫无生气，这种火车站机场应该把每个乘客都单独检查询问，并发放口罩,0
①出门最好戴口罩勤洗手 ②咳嗽或打喷嚏时捂住口鼻 ③将肉类蛋类生禽类彻底煮熟 ④避免与呼吸道感染者接触 ⑤避免近距离接触野生动物和活牲畜 ⑥不要随地吐痰 ⑦不要去人多的地方 ⑧发热咳嗽及时就医不要拖,1
我貌似看到了跟十几年前相似的情况，所以还是那句话，希望官方不要瞒报，不要被动报道，要主动引导民众预防控制,1
医生太不容易了[泪]希望他们好好儿的??????,1
危重症一例。。愿平安[泪],1
可以像封闭北京时一样暂时封闭武汉吗？基本都是从武汉出来的病例…先阻断一下大规模流动吧…求别喷 没有恶意,1
看到武汉一年轻护士被调征去隔离医院工作后心情的微博，我非常理解，每当遇到人人自危的传染病，医护人员总是要冲在第一线，他们也会怕。  我们要敬畏他们的职业，希望永远不要再出现伤害医生的事件了，否则没人愿意当医生，没人考医学院，水平高的医生也会到国外工作，那时候我们只有绝望,1
武汉处理这起病毒事件很过分、第一时间就应该禁止进入或出去、也不会全国、全世界都是这些病毒了！,0
很生气的是，最初港媒说会人传人，后来也说有医护人员感染的时候，我们还在骂他们造谣大惊小怪。“武汉本地人都说了根本没什么”。咱们这边发布的一直是不要紧，不传人等等。所以大众一直以为不要紧也都没有防范。,0
不要再伤医了，太让医护人员寒心了。 [伤心],0
对医护人员好点吧,1
医护人员防护好，千万注意安全！！！ 致敬所有医护人员[心][心][心],1
武汉市ZF应该问责，如果拿出军运会的安放劲头来防范，也不至于这样大规模人传人了,0
………不会演变成非典那样吧 马上春运了,0
最近身边好多人感冒发烧咳嗽呀，之前都以为是流感，到药店买点药吃就完了，但现在都有点人心惶惶的。请问新型病毒核酸检测试剂盒已经下放到各省市县医院了吗？还是只有大医院才能确诊呢？,0
希望一线的医护人员都好好的，一切平安??????,1
希望病毒能得到控制 希望大家平平安安过年 戴口罩做好预防措施??,1
03年非典，北京是封城了的，当时的北京二环死城一样，武汉现在让着一堆有可能还在潜伏期人到处跑，简直就是没有公共安全意识！[汗],0
在疾病面前 希望大家能谨慎对待 照顾好自己  还有尊重医生[心][心][心]他们是第一前线的人 不应该被伤害,1
陆续可能出现更多的城市 尤其是一线城市,0
首先，这个疑似病人是怎么回的青岛？飞机还是火车，还是私家车？跟他接触的人有哪些？是否应该都找到进行排查？,0
保佑山东??????,1
加强锻炼，勤洗手，多喝水，尽量避免到人多的地方去，平平安安过新年??,1
青岛人民有点慌????,0
朋友圈里这边是武汉肺炎已北上南下，那边是朝阳医院眼科陶主任被砍伤，人平安，但是手可能废了！！！快过年了，其实最想说的话是中国医生该何去何从，建议大家别动不动就往医院里凑，让医护人员过个平安年,0
我今天从青岛回老家[喵喵][喵喵][喵喵]唉，希望大家都平平安安的,1
艹，多少天之前武汉批发市场就传出来了，乱跑什么，来青岛了，还敢不敢出门了,0
太可怕了 目前这个病毒还在传播 还有很多未知传播者在流动 大家千万不要出门 多防范,0
为什么湖北武汉那边不全面封锁？不外流啊！该隔离就隔离啊……,0
现在只能祈祷这种新型冠状病毒不要变异。这么多天了，该扩散早就扩散开了。。。。,0
跑来青岛干么啊这个人,0
吓得我都不敢咳嗽 憋了一天了,0
在青岛哪里啊好慌!,0
戴口罩，勤洗手，减少外出[加油][加油]希望能赶紧控制！！[心][心],1
毛骨悚然[泪],0
正值春运高峰期，大家都要好好的迎接新的一年??,1
我天 青岛这例确认了……他都去过哪儿啊？,0
[跪了]日照市没有好的医院吗？？？送到青岛来了，讲真青岛人有点点慌额,0
我们现在要做的是注意个人预防，不要相信谣言，不要传播谣言，引起不必要的恐慌。,1
愿平安，大家一定注意啊！千万少去人群密集的地方！勤洗手，出门一定记得戴口罩！[跪了][跪了][跪了][跪了],1
电视上也要滚动播报啊，父母根本不重视，很多人都不知道情况，跟他们普及也听不进去，觉得小题大做，电视多做普及吧，起码引起重视！,1
建议安排高铁、乘务工作人员佩戴口罩，我昨天问她们可以戴口罩吗？她们说不可以。觉得他们风险最大特殊时期特殊安排！,1
延迟开学吧，太恐怖了。高校这么密集。,1
武汉人不要随便走动了[跪了],0
从武汉出来的人，应在家中观察两周……期间尽量家人不要与之多接触……尤其老人、儿童、孕妇……这些人群免疫力差，极其容易被感染……不要以为这次病毒肺炎是小事……如果陆续被感染……大量人群暴发……后果也是不容小视的,0
现在每天醒来第一件事就是来看央视新闻[允悲],0
别再去人密集的地方了，愿平安,1
害怕，两例了,0
武汉火车站直播，还有约五分之一的人没有戴口罩，车站能不能让大家强制带上呢？很多老人小孩都不当一回事,0
重视一下高铁飞机工作人员好吗！！！！！我身边认识的这些行业人员都不允许带口罩 “怕引起乘客恐慌”难道就应该这么做吗？？？,0
大家做好预防措施 出门戴口罩 前线的医护人员辛苦了 向他们致敬！！,1
愿平安 早日康复??,1
我好不容易说服奶奶不回老家探亲了…哎希望大家平安！,1
武汉人民都注意身体啊,1
戴好口罩，告诉家人，做好预防措施，一定要重视,1
我在几十线小镇都觉得可怕，不想参加任何集会，然而我们单位还要在人流区搞春节露天活动，真他娘的心大,0
比病毒更可怕的是谣言和疯狂涨价的口罩,0
春运一到……不敢想象,0
武汉疫情初起时早就知道是新型冠状病毒引发的传染，为何不提前采取严密的公共防控措施，防范疫情漫延？――武汉一直到这个月19号才开始在火车站与机场等人流密集的场所采取防范措施，此前街头巷尾形势一派祥和氛围，人们连丝毫的疫情防范意识都没有，这是导致疫情迅速扩散的主要原因！,0
武汉人好好待家里吧,1
我今天还在担心四川。就来了[拜拜],0
广安人慌了。。,0
一定要平安啊！！！,1
[泪][泪]成都也有了，好阔怕,0
四川也??????????,0
及时公开透明的公布，不恐慌做好防护措施,1
说实话，赶在春运这个时间点，人流量太大了，我们能做的只能是加强防范,1
怕了怕了，四川也有了，啊啊啊啊[泪][泪][泪],0
有话好好说 武汉本地人也慌的一批好吗[微笑],0
四川人瑟瑟发抖。。。。。。。,0
唯有泪千行 正值春运高峰期大家一定要做好防护 勤洗手出门带口罩少去人多的地方 肉蛋类一定要熟透才吃 实在没条件洗手免洗洗手液随身携带  非常时期愿所有人都可以平安度过,1
成都人表示害怕[允悲][允悲],0
身体健康，平平安安??????，冲在前线的医生先要保护好自己才能救治他人。,1
来自野味，妈呀，这是吃了什么呀（别杠我，我发现真的有好多人喜欢吃野味，我家里这边都还有人吃国家保护动物麂子呢，我真的是无了语,0
一线医护人员一定要平安顺利！??,1
我觉得要在电视上多播几次，家里人根本没意识到严重性,0
十二月底武汉初发疫情时，思想不重视，应对不得力，在封控舆情上用力多，没有果断采取应对非典时采取的非常手段，错失控制疫情最佳时机。,0
坐标武汉，已经在给父母和身边的的长辈普及了，但还是很多年纪大的人不重视，过年也还是一定要叫上武汉各地的亲戚们吃几轮年饭…心好累,0
其实已经非常严重了 请各位不要再以不传谣不信谣名义误导别人了,0
但是报纸电台啥的都宣传一下哦，我这十八线小乡村好多人都不知道！！！都觉得没到自己身边没事,0
没紧急的事暂时不要去武汉了，春运期间人员流动量大，大家外出一定要戴口罩！尽量减少外出，少去人多的地方，要做好防护！医务人员辛苦了，请一定要保护好自己[给你小心心],1
医护人员一定要保护好自己[心],1
泥码  家禽它不香吗？上赶着找死非吃那一俩口野味[微笑]还有阴谋论的闭肛吧你  还国家故意扩大病情？咋的？被害妄想症啊？自己不看新闻张嘴就来？,0
线医护人员一定要平安顺利！！！！,1
前几天看书 看到异国使用病毒感染袭击强国取得成功  然 第二天就看到各大标题关于病毒感染 吓的连书都不敢看了………,0
出门要戴口罩！回到家勤洗手，还有不要乱吐痰！过个好年！祝大家新年快乐！身体健康！??????[心],1
请大家给医护人员一个安全的平台，本已奋勇一线，却还需要担心外来的伤害！,1
希望医务人员都能好好的   千万好好的   由衷尊敬  由衷爱你们 ??,1
注意个人卫生，前往人流密集场所注意佩戴口罩。如有发热、呼吸道感染症状，特别是持续发热不退，要及时到医疗机构就诊。,1
保护好医护人员，加油??????,1
武汉的人可别出去了,0
别再到处走了，对自己对别人都负责????,1
一刷新出一个 一刷新出一个 父母还不重视也是无语,0
我的天啊[跪了][跪了][跪了][跪了][跪了][跪了]中国人别出去了，外国人也暂时别来了,0
当年非典网络没有这么发达，这种事情我们当时都无法了解。现在网络发达了，感觉和丧尸一样，太恐怖了,0
不会吧[哆啦A梦吃惊],0
感觉每个地方应该都有，只是还没发现,0
又是武汉，感觉武汉有毒，难道都是自身没有任何症状就在到处跑么？应该感染了病毒会有症状吧？官方有没有通报感染初期会有啥症状,0
不是武汉的 能理解大家不想让病毒扩散的心 但是希望多一些温暖吧  言语上不要那么过激的针对武汉人吧 得病谁都不想的  可以说不让武汉人随意乱走  但是有些言语真心看不下去 [费解] 希望武汉人保护好自己,1
口罩价格疯涨真的不管管吗,0
[跪了]我的天，突然有种丧尸的既视感,0
武汉加油！！！,1
延迟返校吧 太可怕了,0
全国人民支持武汉,1
麻烦电视上多播一些，一些长辈不重视这个病,0
大家都重视起来吧[加油]我们都要好好的！,1
我希望武汉能平平安安的度过这个年 快点摆脱病毒肺炎 我也希望别的省的小姐姐小哥哥不要对武汉有任何的偏见 不要地域黑 我知道你们也是为大家的安全健康着想 但是武汉这个城市其实也是受害者 我们一起度过这个难关 不要对武汉有任何偏见 谢谢,1
恳请务必封城 目前别处的疑似病例和确诊病例全部跟武汉有关 非典期间首都都封锁了 怎么我看这次武汉的地位还凌驾于北京之上？,0
武汉现在是焦点，全中国在看，全世界都在看，现在这个时候我们只有相信武汉，相信中央，积极做好防护措施，都是中国人，有难一起抗！,1
我跟我爸妈每天视频说疫情进展，还嘲笑我，感觉一个感冒大的事被我夸张成啥样了那种感觉，都是经历过非典的年纪，不知道咋这么不重视，还是请新闻和广播滚动式播放疫情，让父母辈们都重视起来！,0
拜托看看艺考的孩子吧！校考时人流量大 又是来自全国各地的学生 很难保证不传染啊！！,0
支持，口罩带好，共同度过这个坎，医务工作人员也千万要保护好自己啊,1
中央不发话，这帮孙子永远缩着头,0
控制疫情大于一切??,1
建议除了武汉，外地的交通枢纽也加强排查,1
依然是强烈建议武汉市部门组织全城大清洁活动 进行全城灭毒 洗干净藏污纳垢的地方。,1
大家一定要重视啊！！！注意安全，少出去，出门一定要带口罩??！！！！！！！,1
中国人天生有侥幸心理，不见棺材不落泪，看大多当地人觉得我们比他们还紧张就知道了。从几例到几百例还不能说明传播翻倍速度吗，几百再乘以倍数是多少就不敢想象了。,0
支持！！！,1
武汉是春运集散地，是全球最大学生注册地，没有城市可以幸免，为了家人为了自己，减少任何不必要的外出，减少任何不必要的在人群聚集地的暴露，无论症状是否严重，一旦发烧自我隔离，注意血氧饱和度，一旦持续走低，马上到医院做RT_PCR，有影像证实肺部感染，尽早使用激素控制肺部损害保命,1
当大家都在想着远离武汉的时候，生活在武汉的人们才是最担惊受怕的。武汉加油！！一定会渡过难关！,1
武汉挺住！,1
愿平安,1
挺住啊武汉,1
麻烦赶快通报一下20号的病情[允悲]都21号了，通报还停留在19号24时（也就是20号零时）,0
相信你们，加油,1
拜托您能在电视多播一下吧[跪了] 家里没有一个信的[跪了],0
大家发现没有感染的基本都是老年人，而死亡的也是老年人，而最主要的一点是老年人基本不上微博不看电视更不看新媒体所以有的人还不知道问题的严重性！国家必须加大力度宣传下让人人都知道！！！,0
钟南山院士都出来就能说明严重性了。他说建议大家除非必要不要去武汉，武汉人民也尽量不要出城，这还看不出严重性吗？我觉得这都属于隐晦的封城的意思了……总之，不管哪里都要重视起来，一起加油吧。,1
增加床位，这是不是说明传染性其实还挺强的……,0
看这个床位数就知道其实武汉的情况比报道出来的还要严重些，不容乐观,0
同舟共济 加油！,1
我大武汉！加油！湖北人民与你同在??,1
没去过武汉。但是从近年武汉发生的一些事。感觉武汉的城市治理能力差强人意。[思考],0
一定要严控！！！,1
希望人类以后不要再做伤天害理的事情了，人类是多么渺小，动物界的病毒感染到人身上，我们没有任何抵抗力，还有些人不知天高地厚吃野生动物，以为站在食物链顶端了，这种丝毫没有敬畏之心的人会给人类带来多么大伤害[悲伤],0
戴好口罩，别去扎堆，保重身体，过个好年[心],1
作为一个从不吃野味，也不许家人吃狗肉还要被骂的武汉人，表示很难受！你们怎么不想想我们也很无辜，也很无奈！上有老下有小的，担惊受怕！,0
其实不是说什么我认为出关监控没有多大效果，虽然也是必须的，但因为存在潜伏期你根本检查不出来的好吗，你就把人放走了，你看在别的省或者国家查出来的都是落地了才发现!!这说明了什么?!!!______________[跪了],0
全国通报200多人，武汉预留了2000床位... 果然是有可能大规模爆发的,0
全国人民加油[心][心]众志成城，万众一心，抗击疫情,1
温馨提示：非常时期大家一定要注意卫生，做好防范工作，保护好自己。。最后希望工作在一线的医务人员也都照顾好自己，病毒不要再继续蔓延,1
东北地区感受到危险了……,0
考虑一下封城吧…,0
真不是我自私，武汉的姐姐哥哥阿姨能不能不出门的尽量不出门，出门的记得戴口罩，做好防护[跪了][跪了][跪了],1
武汉加油[给力],1
大连边上的鞍山人瑟瑟发抖，以为怎么也到不了这边的,0
为什么已经发热了还能上飞机，落地也没人管，都不隔离一段时间观察一下吗。非典时候北京回来的亲戚，都隔离了好几天没问题才让回家的，回家之后也要每天测体温报告给医院公安,0
我还以为东北安全呢，瑟瑟发抖,0
有一说一 基本都是有近期出入武汉的[允悲]不是地域黑 希望大家都注意点 过年了谁也不想出事，少出门 做好防范措施 希望疫情早日控制！祝大家平安健康[心],1
武汉这次问题真的大，医院不让住院观察，机场直接放回来，天天有限人传人。。。,0
武汉人民先不要出去了，不要让范围扩大。,1
妈啊，吓人，武汉同胞不要乱跑啊,0
按非典的经验，武汉应该更当年的北京一样，单位放假，学生放假，全体在家隔离，有什么比人命宝贵,1
挺住武汉！！！,1
江苏挺住啊,1
我大河南顶住啊??,1
哎 爸妈不信啊 今天叫我爸戴口罩出门还被他骂,0
吉林[吃惊]俺慌了,0
[跪了]肯定还会涨，麻烦去过武汉的人们不要乱跑了，遏制疫情最重要,1
我就是武汉的 大家放心！我已经一个多月没出门了 ！ 全城戒备状态！请大家放心！,1
多宣传啊，一定要多多宣传新闻和各大APP的首页。！！,1
我去  太快了吧,0
新闻滚动播放！！！大家多给中老年人宣传一下，现在好多中老年都不相信疫情的严重性！很多人都不知道情况，跟他们普及也听不进去，觉得小题大做，电视多做普及吧，起码引起重视！又逢春运，人流密集，再不重视，不提前预防，更是让人担忧！！,0
现在北上广深，一线城市，就广州没有出现了。。。挺住广州，加油武汉??????,0
看来感染人数如钟院士所说开始爬坡了，大家一定要提高警惕意识啊，尤其是和自己的父母亲人说，长辈的防护意识真的是太欠缺了[允悲][允悲][允悲],0
我晕，非典不就是吃果子狸吃出来的吗? 怎么又搞事情，不长记性的???,0
加油武汉，一起祈祷平安??,1
宁夏也有？？中原大地还是没守住,0
武汉慌了吗？不要慌，相信我们国家的专家，能搞定这个问题,1
加油，团结的中国人，一定可以平安度过,1
新型冠状病毒肺炎……目前发现潜伏期最长12天……大家在武汉或者从武汉出来到其他城市的人……最好观察两周……如果持续高烧不退……一定要去医院发热门诊！不要耽误病情！,1
出门戴口罩，远离密集地区，做好防护工作，不信谣不传谣。最近没事别去武汉。平平安安，健健康康地过个好年????,1
求保佑河北[作揖],1
武汉政府不作为，为什么不早一些采取措施,0
武汉真的封城吧，委屈一下，大家一起挺过去！,1
江西………别别别我害怕啊啊啊啊啊啊,0
湖南就在湖北下面 一定要稳住呀[感冒][感冒],1
山西加油！！！,1
我大湖南已被全线包围[泪],0
我感觉我比武汉人还急，发朋友圈什么的都没人重视，气死我了,0
武汉那么多大学真的不考虑延迟一下开学吗之后的暑假短一点也行啊是真的有些不敢回去了[失望],0
我记得很久之前看过别人调侃说湖北省到其他的省最多中间就隔一个省（细品一下）,0
其实我想说：已经从武汉出来已奔赴各地的人儿，请你们自觉地赶紧就近去医院彻底检查，别在家里呆着也别到处乱跑～[并不简单]为了你和大家伙的生命安全！,1
福建撑住 over,1
一线的医护工作者们辛苦了，请保护好自己，你们都是好样的！,1
贵州确诊一例 本来换班回家过年 现在全部待命～朋友们放心 我们医务人员为你们保驾护航[抱抱][抱抱][抱抱],1
我在武汉，口罩已经抢空，突然想起周杰伦的歌：有没有口罩给我一个……[感冒][感冒][感冒][感冒],0
希望大家都快点重视起来吧，不要怀着侥幸心理课[泪],1
等一下 这是昨天的……今天岂不是300多了………,0
相关部门能不能别总盯着有多少例病人？能不能把预防性后勤做好？医用外科口罩都脱销了！！！公共交通有彻底消毒？我们已经经历过一次非典了，能不能有点整体规划？都回家过年了吗？,0
我在武汉，我们单位今天刚刚签了承诺不出城的责任书，希望大家不要地域黑，武汉市民也是中国人,1
新闻滚动播放吧！！我爸妈他们不相信我说的[泪][泪],0
???江苏省的现在非常害怕 愿平安,0
春运人流量实在太大，大家还是多多注意从武汉回来的人员吧(没有歧视武汉人民的意思)非常时期，非常手段，只能从情绪上委屈了。武汉人民出门一定要带好口罩保护好自己，这个难关一定会挺过去的[爱你][爱你][爱你],1
浙江也开始了嘛？一定要及时切断源头啊[泪][泪],0
吃野味的那些人都是些什么人[怒],0
钟院士80多岁了啊！ 请问下一个钟院士从哪儿来？杨文医生被杀，顶尖眼科医生被砍得血肉模糊。 优秀的年轻人，谁敢 谁愿意学医。 03年我们有英雄出来顶着， 以后呢？还会有英雄吗？,0
真的要委屈一下武汉市民了 非常时期，非常手段,1
今天有一个从武汉来上海的阿姨，身体不舒服，去医院检查疑似新型肺炎，然后阿姨不想被隔离，跑了，从黄埔区跑到了虹口区，现在已经被找到了，我只想说，阿姨，你活了大半辈子了，做个人吧,0
大量囤积口罩，准备发灾难财的人，过年司马！,0
拜托武汉封城吧[悲伤]话虽难听…大局为重[作揖],1
广播新闻连续播放无限循环像现在老一辈的爷爷奶奶辈的不会用手机 而且他们好像只相信新闻联播[跪了][跪了]希望不止在微博上发 新闻联播之类的也要多次播放,1
请严格把控口罩价格，打击不良商家特殊时期哄抬物价。企业应该把社会效益放在首位，实现经济效益与社会效益的合理结合[作揖],1
郑重倡议：在武汉的人们，就地过春节吧！ 其他地方的人能不到武汉就不要去了，在武汉的人们，能不出来，就别别出来了！ 大局为重！,1
青岛那一例不就是从武汉来的？,0
严厉打击无良电商大发国难财，口罩都涨好几倍的价格了,0
买卖野味可以定法了吧？！要害多少人,0
真的不希望再蔓延了……大家都注意吧,0
4号就发烧了，17号才隔离，中间这段时间接触了多少人，就很难说了……,0
福建挺住,1
虽然很自私，但是能不能限制一下武汉地区的出行，太可怕了……,0
湖北省内呢[怒][怒],0
肯定不止两百多个人的[吃瓜]目前潜伏期最长12天。且看年后情况如何吧。  据估计，武汉潜在感染者可能有1723个，远超当前通报病例数。 *1月17日，世卫组织传染病建模合作中心、英国帝国理工学院MRC全球传染病分析中心发表报告,0
愿平安[心][心][心],1
快过年了。愿大家都平平安安，健健康康，,1
武汉的兄弟姐妹们，我们与你们同在，别怕！会好起来的[加油][加油][加油],1
接近半个月才隔离，得接触多少人[感冒],0
作为武汉人我完全支持封城，可是现在正好是春运这个节点，武汉也的确是重要的交通枢纽，政府在尽力管控，我身边的所有朋友也都很自觉不出省不去给外地带来麻烦。希望全国各地的朋友不要因为一些不理智的市民而对所有武汉人抱有偏见，谢谢！,1
这位同志是主动的，那些到现在还偷偷摸摸的赶紧就近去指定点排查吧。这是目前最吉利的事情！,1
现在才发现，最惜命的是我们年轻人，大爷大妈们根本不care[允悲],0
请隔离武汉(无地域黑之意)????????,1
湖北省内数量太不合逻辑了……,0
钟南山院士说，没有特殊情况不要去武汉！希望大学如果有可能的话，尽量晚一点开学啊！,1
传播速度太快了，在武汉的人请不要走了，拜托拜托,0
我说句心里话啊，这个在武汉工作的台湾人应该不多，再加上正好回去的概率也不多，这两项合起来仍然一查一个准儿，一说明武汉疫区不太乐观，二说明这个病毒传染还是挺强的。,0
我是生活在武汉的本地人于几天前预订了去大连的往返机票，看到钟南山老先生的话武汉人能不出来的就不出来，肺炎日发严重，实在不想出去添乱了，但去哪儿网非要规定发热，确定或疑似的人员才能退全款，那如若我现在正在潜伏期，没有发热，去到了大连，岂不是又传染了一批人？国家大事面前，希望给予支持,1
湾湾：这是阿共仔的阴谋啦[doge],0
啊！希望大家都好好的啊！,1
知道自己生病还丫的跑回去，回程她接触了多少人？机场，飞机上，自私自利的人，跑回去诉就告诉工作人员，避免台湾人感染，回程过程中接触了大陆人她就不在乎，这就是台湾人的素质。希望她回去后传染给台湾人，然后她以后不要来大陆人，素质低下，非善良之辈,0
请大家身体不适一定要告诉检疫人员，不仅仅是自身的健康，更关乎很多人的。,1
请求新闻滚动播放，加强中老年防护意识。??请严格把控口罩价格，打击不良商家特殊时期哄抬物价。企业应该把社会效益放在首位，实现经济效益与社会效益的合理结合[作揖],1
我求求你们别再拿什么试剂加速洗了，加速检测不代表没有试剂检测不出来OK？ 两天前出了国外一直报，内地报了几例？国外怎么一下就确认了？明明就是春运了不敢瞒着了，这次处理的就是有点问题，爱国也带点脑子好吧,0
这病毒挺害怕的 感觉传播范围挺大 一去就传染上了 我的天,0
这速度太快了！,0
这一条一条的跟看丧尸电影一样。。,0
求求你们封城吧真的太吓人了！！！,0
能不能发短信啊 家里长辈怎么说也不觉得严重 也不看微博 能发移动联通电信之类的通知一下吗！！！[悲伤],0
浦东新区好的药店口罩已经销售一空，我们都不敢出门了，真的是惶恐不安。春节了希望各位小伙伴照顾好自己,0
江苏被包围了[允悲][允悲]希望挺住！大家都要小心啊，出门戴口罩勤洗手，注意保暖保重身体，相信这次我们一定会度过难关的。武汉的朋友要保护好自己和家人，其它省市也要谨慎应对啊。难关面前不要互相言语伤害，毕竟都是同胞，谁也不想以身试险。最后愿医护人员平安无恙[心][心][心],1
病毒真是100%来自于武汉啊！愿大家都平安喜乐！愿一切都快点好起来！,1
密切接触？二代传播了？[生病],0
我真的觉得很恐怖诶，别人就来武汉旅个游就感染了，我们这天天武汉呆的，那不是早晚的事？,0
封城吧！武汉这疫情越来越严重了，等春运完就更严重了,0
请求新闻滚动播放，加强中老年防护意识。请严格把控口罩价格，打击不良商家特殊时期哄抬物价。企业应该把社会效益放在首位，实现经济效益与社会效益的合理结合[作揖]希望大家都平安 前线的医生和工作人员都辛苦了????,1
公交车年轻人都戴着口罩，老年人带小朋友的反而不带口罩,0
大家注意防护啊,1
过完年还要回上海上学，可怕,0
能不能把口罩价格低些？这时候钱重要还是人命重要？,0
为什么新闻联播谈到病毒只讲了几分钟，一共50分钟的新闻联播... 很多不上网的老年人们都不知道不重视，一定要让人们重视起来，现在还可以做很多，不要等到春节过后扩散到各地就麻烦了,0
呵呵，今天的新闻联播还没有把这个病列入第一条,0
非常人性化了！别去！别出！求求了！??,1
请给春运工作人员派发防护口罩！！！,1
但凡那么几个憨批管住自己的b嘴 不吃野味 也不至于全国乃至全世界为他们善后[微笑],0
神经病吧 11号发热畏寒 17号还往东北跑？不会就地治病么？,0
这个有点恐怖啊，一个明明发热了居然还被允许离开武汉；另一个停留两小时,0
东北沦陷了,0
当发现一只蟑螂时，暗处已经隐藏了200只以上了,0
这两例都是拜武汉市政府隐瞒所赐吧，要是当时不说这病可控，在武汉就被收治，也不会跑去别省吧。而且别省经验应该不如武汉，不知道医生能不能应付的了啊,0
保佑我大沈阳??????,1
留了2个小时就会感染？？,0
停留两个小时。。。看来武汉实际情况远要严重的多[悲伤][悲伤][悲伤],0
武汉只是湖北的省会，很多在武汉的都是周边城市的人，不一定是机场，也有可能是周边城市(比如仙桃)也开始了，,0
辽宁挺住[拳头],1
真的不知道还有多少例没被发现……发现的几乎都是市区……地级市都很少……湖北省周边县镇现在什么情况不得而知。,0
11 日发热17日都能走？我真就日了 [微笑],0
停留两个小时就感染，武汉数据二百多？我说实话我不信,0
我们大东北啥野味没有？你看看我们吃了吗？就你们有钱，就愿意挑战些刺激的………我们啥都没做还得跟着一起担惊受怕……大过年就不能都老老实实的…… 说归说，希望在前线的医护人员们都要安全！既然困难来了那就得全国人民一起团结共渡叭！天佑辽宁！天佑中国????,1
河北挺住,1
致敬一线的医护人员。大家一定要注意安全,1
江苏挺住啊！！！！,1
可以通知武汉人不要拜年吗？内部传染也很可怕，我们小区有人确诊了，但我爸还是打算三家一起回老家（也在武汉）过年，我说根本不管用，新闻直接说下让这些传统点的人不要拜年了吧，真的是要疯了,0
冤有头债有主，宝贝阿冠，我不吃野味的，我家养个兔子死了我都哭大半天呢，你去找吃野味的去,0
内蒙给我挺住！！！！！！！！！,1
福建江苏挺住！,1
山东山东给我挺住！！！不许再有其他病例了！！！！泰山镇住这群臭病毒啊[泪][泪][泪],1
福建江苏给我死死撑住[加油][加油][加油][加油],1
山西给我下去！别凑热闹！不准疑似,1
真的不是地域黑，非典时期北京都隔离封锁，必要时真的要考虑封锁武汉才是万全之计。。。,1
想知道怎么处理开野味市场的人 真的是害人精 气死了,0
一线医护人员不但辛苦，感染的几率也比我们高。希望大家对他们多一些善意和温暖。,1
上联：福建福州福清福鼎福安五福临门，  下联：永安惠安南安诏安华安四季平安。  横批：长乐顺昌,1
这个蔓延速度太恐怖了，每刷一下一个省份沦陷。。。。,0
1、多喝水、多喝水、多喝水，不渴也喝水 2、戴口罩、戴口罩、戴口罩，出门戴口罩??  3、勤洗手、勤洗手、勤洗手，回家就洗手 ?,1
这几个小时各省区扎堆出现了病例，但大家不要恐慌，这一方面是好事，这说明了我们的医疗水平有所提升，已经能够及时检测出是否携带病毒。,1
河北坚持住！！！！！,1
江苏瑟瑟发抖,0
"请把""离武汉远点！待在武汉别出来！""换成""武汉加油！武汉挺住！""在武汉的群众希望待在当地，有感染特征及时接受检查！我们有一个共同的名字叫""中国人！""????",1
陕西 甘肃 青海 新疆 西藏 江苏 内蒙 河北 挺住啊！[心],1
一片红啊一片红??,0
我妈都不当回事儿，气死我了,0
江苏，甘肃，西藏，青海，内蒙古，新疆，河北，陕西挺住[加油][加油][加油][加油],1
禁止燃放烟花爆竹短信天天给我发，希望这个疫情也天天短信提醒警告一下严重性，人命关天！！！,1
全国各地都有，不要认为自己的所在城市没有报道出来就是安全，潜在的病号数不胜数，我们要做的是保护好自己。[感冒][感冒],1
但凡不吃什么野味，也不会搞成这样,0
严控野味市场！！！！！！！,1
我最担心是湖北的其它地级市，感觉都聚焦武汉，武汉周边的县市完全被遗忘了，也没有人重视。武汉和湖北其它县市的人员来往可远远大于全国其它省份以及国外啊,0
立法禁止贩卖9野味吧 谢谢,1
不信谣，不传谣，造谣一张嘴，辟谣跑断腿,1
分省报告呢？现在从300多到440这个数新增的都没有说哪个省的确诊的。,0
那个吃野味被感染的第一例就该人道毁灭，就不会有这么多麻烦事了,0
[微笑]希望死的都是吃野味的人，毕竟自己犯贱作死[泪]希望那些莫名其妙被传染的人尽快好起来！！！！！拜托拜托！！！！！另外医护人员一定要做好防范！！！！！！！,0
绍兴乡下头宁瑟瑟发抖,0
买不到口罩咋办[失望],0
各省相继沦陷，最近和武汉有交集的，请不要远距离走动，为自己也为亲朋好友[鲜花][鲜花],1
福建挺住！????,1
坐标温州。今早和爸妈说买口罩，他们都说没必要，说路上都没人戴…无奈啊[跪了][跪了][跪了],0
我的妈我现在最怕的就是 新疆因为医疗不那么发达所以没查出来 不是没有 真的引不起重视,0
广州那两例。。都去过哪里。。在哪个区啊。。。我。。害怕。。,0
封城武汉好不，铁路过武汉不停,1
新疆西藏内蒙古甘肃福建陕西青海都挺住??,1
大哥，我爸还有周围一些中年男性不知道从哪营销号和公众号听说什么抽烟喝酒不会感染病毒，还说什么尼古丁能杀死新型病毒，我真的服了！能不能官方辟谣一下？？真的好烦啊！拜托各位好心人也帮忙顶一顶，谢谢！,0
瑟瑟发抖 韶关,0
韶关有两例了[泪][泪]我害怕??????愿平安,0
居然广州也有了[允悲]那我是不是过年都要天天在家啊[允悲],0
广州也有了[泪],0
那就是有两例是在广东境内被去过武汉的人传染的咯，可怕！,0
麻烦都带上口罩！！！,1
一路看下来天津是最重视的,1
发短信提醒呀，我刚从武汉转车回来，除了大部分年轻人带了口罩，很多小孩和中年人都不带口罩的，安全意识真的不强,1
这两天春节返乡的人流量特别大 尤其小村小镇的防范意识和措施有些完全不到位 希望乡镇政府人员可以告知病毒传播的危险程度 加强大家的防范意识 真的不要再添加新病例了 新年希望大家都平安 武汉加油 中国加油????,1
封城吧，兄弟，潜伏期是什么？难道不知道吗？现在全国各地爆发的都是回到目的地后，纷纷爆发的，现在口罩空了，说直白点儿连医务人员都遭殃了，还敢侥幸安检就能通关吗？国之大难，毁于这一旦了,0
我的天？北京那时候有现在多？,0
记者都想哭了，一查就碰上了,0
武汉的尽量不要出来，在外的不要去武汉,1
这个春节过的胆战心惊,0
潜伏期的有多少不知道，病毒素扩散的速度太快了，不要掉以轻心，多加防范，戴口罩，勤洗手，从自身做起，带动身边人做起！辛苦前线作战的一线工作者，全国各地医院医生护士，铁路工作者，感谢他们[心]！拒绝野味，抵制野味！一起共度难关！,1
这么说吧，就在刚刚，有一个认识的在武汉搞旅游的，发了朋友圈说，他们明天照常出发去柬埔寨???? ???? 旅游。。。就是有这么一群人啊。。。,0
?????? 病毒还在寻找更好的“宿主” 制造超级传播者[衰]   愿前线医务工作者平平安安，我国这次防范疫情工作做得很及时了，但是潜伏期有点长，根本没有症状。总之，大家伙儿一定要戴好口罩??，为自己负责，为别人负责。,1
新增的那一百多例都是哪的啊[拜拜][拜拜][拜拜]说清楚啊[失望][失望][失望],0
武汉封城迫在眉睫！严格管控只进不出！有的人真的有急事需要回武汉可以选择回去，暂时没什么急事不要回去了！武汉地区的不要出来了，起码能确保不再有新的蔓延情况！全国大学都推迟开学吧，大学生真的是很大的流动人口，回武汉的还有从武汉出来的,1
新增的100多例到底分布在哪里？请更新441例的分布数据,0
但凡那么几个憨批管住自己的b嘴 不吃野味 也不至于全国乃至全世界为他们善后，那么喜欢吃野味，为什么不去当野人?,0
看着数字不断的增加，再看看周围人的漠视，真的很无奈。早上坐出租，戴口罩，司机还说我们这没有发现呢，干嘛搞得这么紧张？就是因为有那么多不重视不相信的人确诊疑似病例才向全国蔓延。赶上春节人口流动这么大，可就是有人不愿意预防，谁也不知道周围哪个人是潜在病毒携带者，真的很无奈,0
怕了。。。,0
香港隔那么远从1月7日开始就开始严密监控疫情动向并检测体温，武汉作为发源地反而感觉没有引起足够的重视。当时还有大V带节奏网民跟风讽刺香港紧张兮兮、小题大做。虽然废青大家都很讨厌，但是暂且不论能力，至少面对新型未知病毒的重视程度武汉真的做的不好。,0
原谅我又刷屏： 请求湖北地级城市实时疫情透明化?????? 湖北武汉周边地级市的情况呢？很害怕。我在距离武汉一个半小时车程的县里。目前没有收到县里村里任何消息，基本可以说周围的人80%都是经过武汉回来的，甚至是长期逗留在武汉的,0
我们江苏真的在跑毒,0
但凡那么几个憨批管住自己的b嘴 不吃野味 也不至于全国乃至全世界为他们善后,0
"只想说：江苏挺住，愿你永远是清流,陕西挺住,你是西北的防线 ",1
河北也出现了,0
陕西，挺住,1
武汉封城吧，至少春节这段时间可以封城，这传播速度我看的都害怕，后续怎么办看春节以后的病毒发展情况,0
长江以南除了江苏全沦陷了,0
我大内蒙挺住！内蒙人点赞！,1
江苏和陕西给我挺！！,1
河北人民表示不能和江苏手牵手了，江苏好倔强啊，请一直倔强下去??????,1
拜托电视滚动播放吧，家里人不看微博真的不把这个当回事,0
甘肃挺住，大西北挺住，江苏挺住啊,1
陕西，江苏很稳，甚至有点慌,0
江苏挺住！,1
但凡早期不要开口闭口害怕恐慌，行动起来，也不至于如此,0
17人死亡，太可怕了,0
不求多难兴邦 只求国泰民安,1
大江苏撑住！,1
江苏真神奇……,1
这回包围圈里真的只剩下江苏了,1
我大陕西挺住啊！！???????,1
陕西，甘肃！西北地区！还有神奇的江苏！一定挺住啊,1
陕西瑟瑟发抖,0
“你们听到某个地方发生瘟疫时，你们不要前去；你们所在的地方发生瘟疫时，你们不可逃离。”,0
湖北444例，麻烦说说除了武汉还有哪里，我们这些武汉周边到处看不到具体的数据。,0
所有病例都是和武汉有直接关系。武汉锁城是真的有必要了。这个时候就不要讨论自私不自私的问题了。现在已经很严重了，人数一直快速上升,0
陕西真进入决赛圈了，拜托挺住,1
整个东部地区只剩江苏了，本江苏人瑟瑟发抖,0
江苏加油,1
希望大家都好好的！还有陕西千万要抗住,1
我就那么一天一天的看着这片地图变黄再变红,0
我是武汉的，有些外地的网友不了解实情，现在很多病患救治不了 ，两边都有苦衷，医院给了确诊就要收治这个患者，但是没有床位和医护人员已经超负荷了，只能半明示告诉你，你是病毒性肺炎（非常大概率就是那个病）但是我们太忙了，收不了你，开点药回去隔离吧,0
求求武汉人别到处跑了,0
吃，吃，吃，真tm香啊，野味真香是吧，你tm怎么不死呢？ 阿冠，姐姐求你了，别闹了昂~去去去，找吃野味那个去，他特别喜欢你呐~,0
我大陕西给我顶住啊,1
陕西挺住,1
我怎么感觉咱们国家被投毒了呢？,0
江苏挺住！！！??????,1
愿陕西长安 我大陕西真的是夹缝中求生存,1
我们江苏挺住??????,1
江苏挺住！！！！,1
江苏和西安真是太坚强了，挺住啊,1
请问下官方，为什么一直没有见到对死亡人员的详细报到呢，例如年龄，性别，发病时间，治疗时间至死亡的这些详细信息呢。也让大众有些应对心里。,0
刚刚出去买东西的时候还听见一些要今晚打算去武汉的人说：武汉几千万人才几百个人感人，就不信还能感染自己！真的是太愚昧了，完全没有重视这次病毒传染！拜托各政府加大对疫情的报道，让人们重视起来！????,0
你们不觉得这个死亡比例高的吓人吗？,0
希望内蒙古不要有！Please,1
西北挺住！！！新疆挺住！,1
甘肃要挺住啊,1
徐州有90多个今天刚从武汉游学回来的人你敢信？这节骨眼组织去武汉游学你敢信？？,0
错过了黄金防控期，赶上了春节返乡档口，潜伏期14天，正常人想想就知道，这还可控吗,0
我就想知道那几个开始吃野味的憨批是谁！全世界都被他们搞怕了。,0
陕西一定要撑住啊,1
武汉如果真的出现大规模病毒性肺炎患者被医院以不确诊不收治的理由拒之门外，让回家自己隔离，导致这些患者为了活命外逃去其他省市医院，从而扩大感染规模的话，这个下命令的领导就是被凌迟也不为过。这步棋太烂了，实际效果除了所谓维稳基本为零，而可能造成的后果不可估量。,0
又增加了，大家尽量少去人多的地方，陕西挺住,1
我大陕西撑住！！,1
我们大陕西也太坚强了 挨着重灾区,1
长安常安 陕西给我挺住！！！！！,1
江苏可太牛逼了,1
陕西好nb,1
已经透明化了啊，人数实时更新，连确诊患者的年龄，如何感染都已经详细报道了啊 还要怎样透明?现在就是时事关注，做好防御措施，不要杠！保护好自己保护好身边人！理智对待 不要瞎嚷嚷！,1
有点担心啊,0
不知道说啥好，当初出现病毒就应该封锁全城！现在封城也来不及了…加上春运人流动…这肯定要把整个鸡型版图都全部填色了,0
陕西人民很自觉,1
陕西！！挺住！！,1
陕西挺住！！！中国挺住啊！,1
大江苏的我，愁的睡不着，一直刷官方微博，就怕有确诊,0
江苏又平安度过一夜了,1
浙江唯一能与北上广同色的时候.......,0
触目惊心的数字啊，越来越严重了??平安平安平安,1
我大西北加油，挺住[加油]武汉加油，全国人民加油[加油][加油][加油],1
刚才还说河北没有，石家庄还没有，结果五分钟后就出现了,0
又多了100例了,0
我们内蒙古一定要坚守住，加油！！！,1
陕西挺住！,1
身为长期居住在江苏的我 感到瑟瑟发抖，四面楚歌的感觉，江苏挺住。,0
我大江苏挺住啊！,1
山东新增一例,0
大家都呆着不要流动了，发散式扩散太可怕了，关键是容易造成疫情的不好直接杜绝啊啊啊啊啊。,0
感觉全境只是时间的事,0
江苏挺住,1
西北部和江苏加油??挺住，保护好自己,1
陕西是块宝地一定要撑住啊,1
这么多年，人类对野生动物的伤害和残害，现在是它们来报复了！,0
刚刚说可能明早一觉醒来超过500，合着不用等明早,0
江苏人民瑟瑟发抖。。苏大强挺住,0
除湖北外，其余省份确诊病例已达100名，目前确诊省份达23个，有疑似省份2个，仅剩7省份无恙，愿平安！,0
大新疆一定可以的??,1
实在是对不起，我们江苏还是沦陷了，陕西的朋友们一定要挺住！,1
山东两例,0
江苏目前没有更要加强防范！！多一个安全的地方总是好的！,1
江苏，加油！武汉，加油！中国，加油！,1
河北沦陷了。。。,0
山东不止俩吧……,0
能不能试剂下放啊，大多数从武汉打工回来的都是农村人，农村基础设施不完善，人的防范意识也不到位，能不能像疫苗一样，彻底检查一下，如有病例也好马上隔离,0
又多了一个,0
没有沦陷的地区要挺住吖,1
1月7号去香港我还在纳闷，那边当地的工作人员怎么都戴着医用口罩工作，包括空姐...现在想来真是后怕...,0
中国加油??????,1
看着这个数字好难受，为什么别人的过错确要一些不该承担的人承担！,0
卧槽，这涨得也太快了,0
啊……新疆这边真的都不重视的,0
544只是试剂盒试出来确诊的，那些没收入院的在家自己隔离的还有那些潜在感染者，加起来得有多少了,0
西北挺住！！！,1
我大新疆作为最西北!一定挺住!,1
看着范围一点点的扩大，真的好慌。但是要相信医生相信政府。武汉加油，中国加油。这个时候了，希望大家能保护好自己保护好家人，不给国家不给医护人员添麻烦，能不出门就不出门，都戴口罩吧。我们能做到的只有这些了,1
稳住 我们能赢 陕西加油 中国加油 全人类加油,1
陕西被包围了,0
人类在病毒面前真的不堪一击，屠杀生灵必遭大自然的报复，希望非典希望这次能够敲响警钟，人类不要在为自己的无知买单了，保护野生动物也是保护自己，希望这次能够加强对野生市场的管制  加重处罚违法销售,1
江苏，也倒下了。唉,0
不会吧……武汉加油??西域挺住，我们东边整片红了，剩下的各位都加油挺住。十七年前我们熬过了非典，如今我们也能熬过新型冠状病毒！我是一个六年级的小学生，我希望能用我的小学生文笔来鼓励大家加油??,1
求求你了，睡一觉不要再看到狂增的病例了,0
这个真的要怪武汉政府和相关部门 绝对有不可推卸的责任！,0
不敢说不敢问的话环环替我们说了：武汉行动慢了！  ??应急广播?? 电视??滚动播出吧，三四线城市人群和农村地区人群还以为离的远着呢,0
真的球球有些人了，生病了就早点去医院，不要为了过年而讳疾忌医，会害了更多人的啊，你不为了自己也为了家人啊,0
希望西安没事，希望西安没事 西安一定挺住啊,1
甘肃挺住啊！今晚刚刷到一个视频，一男一女自驾，不知道是不是博眼球，标题写的“再见武汉，大甘肃，我来了”，真想呵呵,0
在一线的医护人员辛苦了，要注意安全，武汉加油，大家能平安，尽量不要增加负担，好好照顾自己,1
河北挺住??中国挺住??,1
河北没能挺住,0
中国加油！中国人加油！,1
我的大广东啊！！！一定要好,1
山东咋两个了？？？？？？？？？？？,0
实际情况比报道严重很多......已经很多人感染了大家一定要严肃起来不要觉得没关系阿,0
江苏守住,1
西安挺住啊,1
安徽不止一例啊,0
河北扛不住了,0
还有一群憨批说要逃离武汉呢 逃宁?? 呢 传到全国才好是吧？,0
陕西！撑住！！就算周围病毒四起，但是我们依旧攻坚不破！！,1
政府压着，这样你们就不知道死多少人了,0
江苏刚刚也沦陷了,0
我不想开学 不想离开新疆了,0
还不封城！等世界毁灭！？,0
赶紧把武汉封锁了吧 真的不是针对 而是现在百分之九十的感染人群都是从武汉来的 而且现在还有变异的可能 等到变异了再封所真的就晚了 最好的医生专家都奔赴在武汉一线 不要冒险去别的地方了????,1
别再说江苏陕西了，春运回家肯定还有很多潜伏的，只是没报出来而已…… 但还是希望平安！,1
求求江苏别出事??????,1
啊啊啊啊啊啊啊，加油，扛过去,1
又多了这么多,0
一晚上增加了100例，我感到事态严峻呀。,0
  野味吃出来的都是病！！ SARS 来自果子狸、蝙蝠。 埃博拉 来自黑猩猩、猴子、野猪、蝙蝠。 MERS（中东呼吸综合征）来自骆驼。 禽流感 来自鸟类和活禽。  艾滋病 来自黑猩猩 （这个真不知道是非洲人吃出来的.还是曰出来的）。 墙裂建议,0
江苏苏州出现一例了，我就是苏州的,0
陕西安全,1
坐标广西梧州，广西第一例就是出现在梧州，愿我们广西案例永远停稳2例，不要再涨了,1
安徽不止1例，我家安徽四线城市已经出现了一例了,0
老家这边根本没有重视，上街都没有带口罩的,0
山东两个？？？？？？？？？？？？？？？？,0
啊啊啊怎么又多了8例？？？,0
武汉加油，同胞加油,1
全国加油！,1
愿平安,1
山东确诊2例了?,0
武汉人就是个祸害,0
江苏没有是在骗鬼呢？自欺欺人吗？有些人为了一己私欲瞒着不报后果更严重。真让老百姓寒心,0
[加油][加油][加油][加油]加油,1
不想做死亡的,0
之前还说这个肺炎是谣言来着，还把人抓起来了，笑死,0
我大西北。。。挺住啊,1
！！！！！！！！！！人数上升这么快！,0
今天白天多了一百人，一夜又不知道多多少,0
天啊，昨晚还是437人,0
我的天西安真的很神奇。 作为西安人虽然以前没有经历过非典但是这次也有点慌,0
内蒙有点慌,0
能不能公布死亡原因呢，是患病多日还是直接导致的？我妈妈也被隔离观察了，能不能给个详细点的介绍，好让医生重视起来！！！,0
坐标无锡的我，看完评论呼吸困难，心跳加速。大江苏挺住啊,1
一定要平平安安，健健康康的，所有人??,1
中国加油,1
但凡武汉政府早点公开透明，控制人流，不至于到处发现的都是从武汉来的病人,0
给新疆点个赞??,1
江苏没挺住,0
又多了一个省,0
更新很及时,1
我家批发口罩，但是一直木有涨价，国难财不能挣！[加油][加油]一起努力，共渡难关！,1
希望能同时关注一下艺考！全国大量考生年后马上要去外地参加考试，加上家长，会有大量人员流动和聚集，希望能及时出相应的处理办法！！,1
我看到山东确诊2例的时候心态就tm崩了,0
秦始皇 列祖列宗 秦岭大哥保佑我陕西啊！陕西千万可得挺住了阿,1
江苏有了，,0
年底的春运，使得这个病毒在潜伏期的时候就可能广为传播，那年后的艺考，人口流动量不低于春运，唉,0
全国人民一定要挺住,1
救救江苏吧,0
我只希望是补报或者之前疑似的确认了，真的不希望是这两天被传染上来的,0
环球时报更新的太具体了太快了，关注你没毛病，给力。,1
现在有个矛盾，坐标广州，小侄子是个一岁多的宝宝，他21号跟妈妈都发烧了，不过宝宝是高烧，妈妈是低烧。但是妈妈过了一两天好了，宝宝烧退了但是有点咳嗽。宝妈说不敢去医院看病，因为怕被医院里的肺炎病人传染到。但是问题是，我觉得小宝宝的症状也像是新型冠状病毒肺炎感染，不去医院检查没法确诊啊,0
瞒不住了才爆出来？武汉政府早干嘛去了,0
在湖北的我，就算紧张兮兮的每天刷新闻，往家族群里转公众号推文！父母依旧没有反应，反倒说我小题大做！农村的防护意识到底如何提升，光靠子女灌输怕是远远不够！,0
作为对武汉有着深厚感情的湖北人来说，希望大家一起加油！一起面对难关！,1
甘肃挺住[加油]武汉加油,1
中国加油??,1
笑香港紧张的人去哪了,0
"肯定不止544, 外网说千多人了",0
之前还抓了8 人说造谣,0
外网数字千多人， 报少了,0
之前还有很多人笑香港紧张， 全都打脸了吧,0
"肯定不止544, 报少了",0
你吃了野味，全国乃至世界要为你善后！！,0
新疆给我挺住呀 ！,1
武汉政府确实不作为,0
心痛啊,0
顶我上去谢谢了！现在福建各大影城正忙着作秀“消杀”，以此来蒙蔽消费者，彰显他们在疫情下的防护有道。福建万达区域负责人更是牛逼冲天，口吐芬芳怼有良知忙退票的票务平台，来我微博看“万达圣人”全套戏码，求转发让更多人不要在高危时期，到人流密集封闭的地方,0
武汉绝对不止几百个人 去过武汉中转的人远没有本地的人多 这个概率都被感染了 更不要说武汉本地的人,0
黑龙江的疑似已经变成确诊了,0
云贵川的兄弟们加油！雄起！加油武汉加油中国！,1
向奋斗在一线的人员致敬，河北加油，中国加油，,1
今天我们说了这个事情已经死了十多人，我家邻居的一个大爷听到了说：中国人太多了，是该多死几个！妈呀，我听到真是无语??，什么人呀居然这样说风凉话！,0
中国挺住????,1
【吃垃圾外卖体质变弱？为了中华民族未来，应取缔毁健康毁环境的外卖网购游戏；宅家搞游戏刷淘宝又吃外卖，还会有好身体？外卖、网购的垃圾毁环境；外卖、快递车横冲直撞；青壮年热衷送外卖快递，日本德国基本是进技校，成工匠强国家；出门能买一切，却一根针从新疆运到浙江，不满意就退回，作孽啊！,0
江苏省首例苏州市首例,0
大家注意身体~晚安,1
江苏也沦陷了,0
[加油],1
吃野生动物死??,0
都是武汉，按这种概率，武汉确诊数目合理吗,0
钟南山院士佩带党徽出现在疫情最为严重的武汉医疗一线，这个动人的场景真的让我眼含热泪。84岁的人了，又正值春节来临，他置自己的安危于不顾，一心为了战胜疫情，这就是一个老党员的崇高品质。向敬爱的钟院士致敬，向全国的医护工作者致敬，祝你们过年好！,1
天呐…这扩散速度太快了吧，2020年的第一场硬仗。,0
说可控可防的人误导公众不需要问责吗？,0
武汉当初不封城造成现在这个局面…,0
别在北京增加了好吗 一想到过了春节，一大批那边的人又涌入北京，更害怕??????,0
现在最怕看见“最新消息”,0
来京就诊？途中得接触多少人啊？？？,0
北京医院一个个都这么挤，真要是出了一个病例传染起来太可怕了，大家戴好口罩，保护他人，保护自己。??,1
把吃野生动物的人抓出来sha了,0
这都啥程度了还不赶紧老实待着，还到处跑,0
真的不敢看微博了??,0
那些爱吃野味的就该滚出中国，就不会有这么多麻烦事了,0
武汉封城吧，求求你们了，封城吧,0
11号至18号期间，武汉人民全中国游走。他们18号左右在各地收治，也就是说，12号至18号，他们最多有6天时间在目的地感染其他居民。你们现在开始管控武汉，有个几把用？！12号至18号，全中国人民都没有防范过！！！,0
这两天不停刷官微，给身边人多科普，希望他们尽快重视起来,1
春节了，大家一定要平平安安的！??,1
这人明显是感觉自己得了病还跑到北京去，有可能是觉得北京医疗条件好，要不然是在武汉看不上，。。。,0
武汉顶住！中国加油！,1
勤洗手，出门戴口罩，家里通风换气加消毒！,1
我都不敢刷新了，每次一刷新都变多了,0
封城好吗 不发烧就给那些人去别的城市 这不是作死的节奏吗,0
害怕了 还定了电影票怎么办,0
????祈求不要再传了，平安。,1
天，传播速度太可怕了，很难想象这些人往返途中传给了多少人，这些人又将怎么样，不敢想。吃野味卖野味的憨批！！！嘴怎么那么欠！！！,0
本来想关机睡觉的，这个消息又让我心痛死了,0
太可怕了……,0
把科技利用起来，对那些跟病源地有联系的人，所有乘坐过的交通工具，顺藤摸瓜。对出来的人先隔离，确诊没事儿后再开始游走吧。十几亿的人，谁知道那位爷跟病原体接触过呀,0
把吃野味卖野味的人赶尽杀绝,0
这也太快了吧，河北刚刚沦陷,0
昌平两例真的瑟瑟发抖,0
真的隔离武汉吧，我不是圣人我想活命，看看才几天，已经400多人了，死亡也十几人，可见致死率相当高了！外省感染者都是武汉出来的太恐怖了。,0
看的我有点胸闷气喘呼吸困难,0
我今天还要去医院呢，不敢了都…,0
武汉人能不能别乱跑啊我服了,0
一线医护人员加油！,1
武汉的乱跑啥，还有去武汉的不知道那正有病菌了还去武汉两次，还又回来，回来干啥传染了?,0
真想毛粗口啊，神经啊，北京等全国多地的病情都是你们这些跑出来的人传染的。真讨厌。害人,0
好可怕啊啊啊啊啊    我老板年会前一天还去了武汉    年会上还和我在一桌吃饭了,0
怎么去的北京不查下交通工具么……前几天歌舞升平的时候坐过京广线高铁的人瑟瑟发抖。,0
一定要安好,1
都是从武汉出来的，所以武汉能不能封城啊，为了大家不行吗,0
都会过去的，大家一定要挺住，出门戴口罩，回家洗手，一切措施都要弄好。也别瞎跑，马上就是春天了，一切都会好起来的。,1
不能封一封武汉吗？真的不想每天担惊受怕门都不敢出,0
天哪_(:з」∠)_球球了别到处跑了，睡前一刷新又是惊心动魄,0
完了完了，北京也开始了,0
我觉得我快被自己吓死了,0
多大仇,0
发热后来京的患者，是有多不负责任？飞机还是火车，沿路被你感染的人可能有多少？,0
醉了来北京看医生…万一把不知情人感染怎么办？虽然我不在北京～但是确实不太对这样,0
看网上好多病患都是武汉医院不收啊，不给确诊，说床位不够，让好多病患回家隔离。估计好多人都是想活命拼了命的往外跑才能得到救治。武汉当局待蠢成什么样还不想办法解决这个事儿，还特么压呢，我都不敢想象现在武汉情况究竟有多严峻。,0
好像每几个小时就有一个地区确诊病例。。。,0
看的这个传播速度真的眼泪都忍不住了,0
吓得我捂紧了自己的口罩,0
？？？明知道自己携带病毒还要千里迢迢送人头？？,0
东城区没有就放心了 我妈妈在东城区上班??  大家都挺住,1
出个差一两天都能感染我的天 哪武汉本地人咋整,0
放屁！ 丰台也有一个 房山也有一个！ 怎么没提到？！,0
省内省内！！！！麻烦小县城也都宣传一下吧，他们真的什么都不知道！！！！,0
??????通过这次的事一定要吸取教训，不要以为事情看起来很小就不重视。希望都平安??,1
我去我14号火车回的河北，突然好慌啊。,0
分分钟新增病例啊,0
潜伏期太久了……,0
虽然挺害怕的，数据不断上涨，但是也恰恰说明了公开、透明、及时，所以相信政府有能力控制住！大家所有人一起配合！,1
春运已经开了，需要全国都做好准备措施，防范于未然,1
希望尽早研制解决的办法，希望加强流行病学追踪和预防，希望年前一切平安,1
祝大家都能平安吧。希望早日康复??????,1
一下子确诊这么多，有点担忧，快过年了，希望大家都能平安健康。,1
希望全国人民安安全全的度过春节,1
连续关注了3天，果然是每日一报啊～阔以阔以,1
病痛快过去,1
啥情况?!刚过完小年，马上就要过大年了，祝大家平安健康!有关部门监控，辛苦啦!,1
天 祝平安,1
早日康复吧??,1
有点恐怖了,0
反正最近武汉汉口这边医院都是爆满，不管急诊还是住院。肺炎的超级多啊！！！！但是我做地铁和公交车，看到戴口罩的都没得几个，还有的人咳嗽打喷嚏！！！！！！！,0
忽然这么多了,0
一年一度大迁徙，希望早点控制住，大家都健健康康，平安过年??,1
希望预防和治愈都能加速进行,1
武汉这个春节过不安宁了,0
祈福,1
天天报，人数天天涨，你们到底有没有在真正的防疫？春运这么大的人口流动，你们有没有措施？国外都有了，国内除了武汉其他地方就没有？都什么时候了别再瞒着捂着了,0
大学开学未来也是个隐患,0
山东两例了靠,0
都接触过感染者为什么还乱跑？这几天这位先生不上网？不看新闻？不知道能人传人？这是回家探亲还是索命？？？我无话可说了 我一个山东人老老实实在家过年我招谁惹谁了凭什么我也要承担被感染的风险 这样说可能很自私 但我真的很气 有点想哭 因为我真的很怕自己会被传染,0
作为隔壁的烟台人已经做好防护措施了,1
这里说的比较模糊，使他密切接触过这些患者，究竟是在哪里接触这些患者在哪里都没有说清楚，这个很可怕的是有可能武汉并不是集中爆发点，也有可能在其他地方也都有，这一例现在看来还不能确认是输入型的。,0
接触过确诊病人还要去探亲，亲戚跟他有仇吗？,0
我去！！！跟我们越来越近了,0
因为疾病我们才更是一家人！！！武汉加油！威海加油！中国加油！！要保重自己！！！,1
山东挺住啊??,1
祝平安??,1
马上春节了，不敢想象,0
天佑我乳山人 天佑山东人 武汉人 中国人！！,1
自知是密切接触者怎么没被隔离观察，有人失职了吧。,0
恐慌。。。,0
我买不到口罩了,0
天佑我威海啊！,1
烟台人好慌，我过年衣服还没买，明天还打算去看看,0
威职的我有点害怕,0
烟台人吓得不敢出门,0
威海人瑟瑟发抖,0
威海人，在烟台上学，瑟瑟发抖,0
希望及时救治吧 希望我们山东能挺住,1
山东控制好啊，接触人群要监控呀,1
好近了，怎么办,0
还以为是假的，竟然真的,0
好近...山东青岛瑟瑟发抖,0
威海加油！山东加油！[加油][加油][加油],1
这还咋过年呐,0
烟台表示很慌??,0
舟山瑟瑟发抖,0
由于新型冠状病毒引起的危害，国难当头！多家大型旅游公司都做出应急改变政策：允诺近期订单可退票或改签！唯独邮轮公司坚守目前规定不予客户退票改签！一艘轮船约5000人，5天4夜密集在公海上！但凡一人感染千人受难！海上应急措施简单！我们不能为国家做什么但也不想为祖国添乱！他们却还在想着赚钱！,0
md烦死了挤牙膏似的！跟铁路啥的一起不行吗？我才刚退！,0
游轮，游轮，游轮！！！！！也赶紧出通知吧！！！！！！！！不然真的不敢想，太恐怖了！！！！！,0
之前还说澳洲总理呢 看看湖北领导又干了啥？？？,0
先有意识的反而亏钱？？？？这理儿能说通？,0
希望国家能赶紧出退游轮的政策啊！！！现在不止武汉人可能是携带者，全国各地的人都有可能了！！！这种高密度聚集不是更容易把病毒推到一个高点吗？？强烈要求游轮退款！！,0
今天傍晚才退的呢？1.24应该作为航班的划分点，而非退票的划分点吧??东航的退款还没到，却告诉我们现在开始可以全退了。提早响应号召的却吃亏，欺负国人钱多？,0
一家四口昨天退的。。损失两千多,0
管管旅行社吧 好多团全国散拼 出去不知道都能遇上哪儿的人 不知道都是哪里来的人一起坐车吃饭 太可怕了吧,0
全国的旅行团能不能抓紧取消啊，真的不能往外跑了！但现在退团就全损！几万块钱普通家庭怎么承受啊,0
我一小时前退的收了一千五，这太不公平了！应该按起飞时间算吧，都这样的情况了谁还敢出去啊！,0
刚刚退的 500多的手续费 我服了 刚退完收到nm的通知,0
大家多给中老年人宣传一下，特别是小地方 现在好多中老年都不相信疫情的严重性！很多人都不知道情况，跟他们普及也听不进去，觉得小题大做，电视多做普及吧，特别是三大运营商短信通知起码引起重视，又逢春运，人流密集，再不重视，不提前预防，更是让人担忧 再次呼吁 别再吃野味了！！！,0
昨天前天病情都已经那么严重了，谁能不退机票？？？？现在还弄了个时间限制，这么做有意义么？这几天退的人就得扣手续费钱？,0
其实退票环节很难的，早退的乘客懵了，航空公司懵了，平台也懵了。旅行社包机机票，团队票也不知道怎么处理了。能做出决定是好的，后续处理办法会更明确。武汉能行，我们可以。加油[加油],1
直接整无语，前天退的成都飞广州往返全家四人，损失两千手续费。合着那些即使疫情再严重，也要冒着危险去玩的人 值得原价退票，一分钱不损失，我们这种有健康意识危机意识早退票的人，活该多交2000元罢了,0
今天打电话给东航，让我拿冠状病毒诊断证明才可以免费退，我家老公确实刚从武汉回来，虽然没有症状，但也是怕出去给国家添乱，但是东航就是不给退，自认损失退了，又出这个政策，face呢，24号基本该退的都退了吧，才出这个政策，居心何在？,0
“等冰雪融化了，全国人民都会去和武汉的樱花一起迎接新的春天新的盛世”你“的城市生病了，但是大家会治好她” 愿平安 愿春暖花开 一切都会好起来的,1
还有爱彼迎明文规定写着突发性的流行病可以退全款！可是为什么退的时候还是几乎全被扣掉？！！这个已经严重违规了吧！请问如何处理这类事情？大家一起曝光爱彼迎！,0
希望国家管理游轮，玩乐性质全面停运，现在海南本身就很多内陆人来过冬了，三亚这个邮轮有大部分是老人带着孩子！如果有潜伏期患者1000多人在海上呆着出现情况后果不堪设想！！,0
请不要以退票时间为节点，请以航班时间为节点，既然出了政策，就实在点，不要再玩文字游戏了,0
我也是已经退过票的，但是我觉得国家在这么紧急的时候，能做到这种程度已经很好了，有些事情真的无法照顾到每个人的利益和感受，大家也算是为疫情做些贡献吧，就不要心理不平衡了。,1
那些人的贪婪要全国人民替他们背锅,0
我是真的不理解吃野味的…… 家常菜他不香吗？ 这野味归野味，做法不还是家常菜的做法吗？ 这野味是唐僧？ 吃了能返老还童，长生不老？ 真的佛了…… 啥也不是。,0
赶紧灭了这个市场！害人！,0
湖北。湖南。北京。广东。上海。浙江。天津。河南。宁夏。四川。福建。广西。山东。吉林。安徽。海南。山西。云南。重庆。甘肃。贵州。黑龙江。内蒙古。新疆。辽宁。江苏。江西。陕西。河北。青海。西藏。香港。澳门。台湾。都加油！为全国人民祈福平安健康过2020年,1
吃吃吃，病从口入，biss,0
: 我们的祖先经过多少年帮后人筛选出了可以吃的东西 不能吃的东西  偏偏总有那么些脑子不好的人还要去吃不能吃的东西 他们长在脖子上的东西大概就是个装饰品,0
加油挺住,1
为什么非要作死去吃野味,0
缺少监管，非典的惨痛经历已经忘记，应该严查防患于未然,0
吃野味的认为自己没错呢 还大放厥词自己吃了那么多年都没问题呢,0
为什么不是吃野味经营野味捕捉野味的感染，好气,0
吃野味的人，你们的肺还好吗？卖野味的人，你们的良心会痛吗？监管的人，你们的脑壳痛吗？酿下如此大的恶果，让一座城市、一个国家甚至整个人类付出如此沉重的代价。,0
还有就是，希望透明化吧，让我们知道疫情到哪种地步，以及医护人员的医疗设施够不够。这次肺炎过后，希望对于这些野味能严查严打，拜托了,1
一个野味市场。。毁了一座城，一个国家。。甚至世界。。真是心里痛恨。。此时只有痛恨。。吃这些怎么想的。自己没家人嘛。,0
就让那些臭不要脸的人，记住这一次国之灾难！！！,0
不求多难兴邦，唯愿国祚绵长,1
致敬一线的医护者们，武汉加油，我们与你们同在,1
指责别人也反思一下自己吧谢谢 但凡国家能拿出力度管管也不至于管不住,0
这些人都是间接杀人犯，还给整个国家带来这么大灾难。贩卖野生动物、食用野生动物都应该立法判处死刑，这帮天杀的恶人,0
监管不到位,0
还值得救吗？前面抗击肺炎，后面伤医医闹，一边用你一边伤你，从12月开始，知道一月中才上报，为什么要隐瞒，是为了头上的乌纱帽吗？难道仕途就真的比人命重要吗？？？,0
因为一己私欲让整个国家和人民承受这么严重的后果，真的是造孽了，而且我是真的不懂武汉zf怎么还有办法在这个时候搞表演看晚会，这是出于一种什么奇怪的心态,0
别把这个事件的谴责对象都推到那些买卖野味的人，人都是趋利的哪里有利益哪里就有市场，靠人性的自觉是没用的，需要完善的制度、法律和高效的执行力去制约。央视媒体发出这样的言论真的不负责任。,0
“新年的钟声响彻九州，疾病与灾难都会成为岁月的尘埃。总会有一天，这里没有歇斯底里的哭喊，没有绝望与黑暗，春风会吹开这里的樱花，一树又一树尽连成蔽日的云朵，而这里，疾病肆虐过的冰冷土地下，是即将破土而出的春天。”,0
那些吃野味的，怎么下的去嘴的，一个人的嘴导致全国危机，该死,0
希望国家有关机关可以重视野味市场的售卖，希望市场上的某些商家可以捡起自己的良心，让此类事件不要再次发生，还有广大人民群众，拒绝野味从我做起，提高自己的思想道德意识，让我们得生活变得更加美好,1
说实话那些因为吃了野味的得病是活该，因为传染而发病的是真的惨。哎，总之还是祝愿他们吧,1
就该用野味病毒肺炎！到底什么毛病？好了伤疤忘了疼！！非典那么痛是没给弄倒是吧？不甘心继续吃野味 没给吃到土里不甘心？,0
唉，相信中国经历这次会成长强大很多很多,1
南方人里面爱吃野味的人，你亲妈过年炸了！,0
就算这样，人们也未必能记住教训,0
希望这些非法售卖野味的可以得到重罚，吃野味的也是，如果不是他们，一个好好的喜庆节日，也不会变得这么人心惶惶,0
市场只是根据需求供给，真正该骂的是那些乱吃的人，还有形同虚设的市场监管 卫生监管？,0
现在生意难做，有人愿意花大价钱买野味吃就有人敢卖，如果国家监察的严一点也不至于又一次的传染病的发生,0
医闹的人良心会不会痛,0
武汉会好的!等春天樱花开始祖国会和武汉小朋友一起吃热干面的!大家都会好的,1
武汉加油！会好的！希望这次不要再遗忘吃野味的危害！,1
一直说要爱护生灵，众生平等。人家好端端的，去吃它做什么嘛。看嘛，事情闹成这样了。（生气是一部分，更心疼是一线医务人员啊，真的希望TA们能平安无事??????）,1
可不可以在新闻中让主持人强调一下拜年，吃年饭的问题啊！家里老人真的劝不住,0
我们可以很天真简单的活下去，必是无数人用更大的代价守护而来的，每个时代，在你我看不见的地方，永远有人为我们负重前行。 ,1
吃野味biss,0
若以后有吃野味贩卖野味导致病毒感染的第一例源头，无需治疗，直接弄死吧。及时切断感染源。,0
你可以多看看你口中的没有人…就真的很寒心，人在家中坐锅从天上来，啥事儿没干无比配合结果转头来被骂,0
天佑武汉，天佑中华。抱怨没有用，做好防护，相信国家。咱们中华民族从来没被打败过。,1
中国挺住！大家挺住！,1
:人家都是经历过非典的人慌啥,1
:武汉加油,1
:可惜，很多人已黑他们为乐,0
加油 我们一直都在,1
:！好羡慕你的觉悟，我每天被逼着去和武汉回来的亲戚一起吃饭，我……,0
武汉加油！,1
武汉加油！武汉人民加油！！！看到朋友说目前蔬菜和医用物料短缺，希望物流可以尽快恢复正常！无人机、自动驾驶、物流机器人呢？技术手段尽快上吧！,1
:最搞笑的是，神他妈“大过年的说这个不吉利”,0
:管理太松了，没有强制性的措施，武汉自驾游到满洲里一个病例？这都能行？你光治理人了，传播不管了？,0
:?? ?? 气死我了气死我了气死我了,0
:武汉加油，还想着武汉的热干面呢,1
:武汉加油！,1
武汉挺住，加油[加油][加油][加油],1
希望物资不要短缺啊，搞得我们人心惶惶，一大早楼下卖菜的排队，大白菜的价番了四五倍,0
武汉的同胞们，加油，我们是你们坚强的后盾,1
:别怕，我挺你，山西，我爸我妈非要回老家，出远门串亲戚，我打死不想回，尼玛，还要聚一块去饭店吃饭，饭店煮饭都不一定熟,0
:我就想问那个卖野味的老板有木有遭到报应～,0
:打败非典，但是没有打败大自然，我哭了，大自然上一次放过我们，对吃野味这个东西搞个警告，结果有些人还吃，你看大自然又来了吧,0
太少了 根本不够住吧,0
:护国可不只是军人，警察也是！,1
:别担心，会没事的,1
天佑我大中华??????,1
:害怕。,0
:嗯嗯。我带口罩。远离人群,1
:那我这会儿就出门，我在家已经自我隔离了，我真的是慌。我爸妈觉得是我太紧张，我觉得我还是自己去检查下。,0
天佑武汉，天佑中华。抱怨没有用，做好防护，相信国家。咱们中华民族从来没被打败过。,1
贵州确诊一例 本来换班回家过年 现在全部待命～朋友们放心 我们医务人员为你们保驾护航,1
妈蛋，传到海南来了,0
希望大家都快点重视起来吧，不要怀着侥幸心理课,1
等一下 这是昨天的……今天岂不是300多了………,0
相关部门能不能别总盯着有多少例病人？能不能把预防性后勤做好？医用外科口罩都脱销了！！！公共交通有彻底消毒？我们已经经历过一次非典了，能不能有点整体规划？都回家过年了吗？,0
妈呀，好怕被感染啊，我刚刚怀孕啊,0
山东那个为什么一直是疑似啊？（真的是不太懂，感觉昨天就说疑似了，为什么现在还没确切消息？）,0
我们航空公司目前还没有允许我们机组人员佩戴口罩执行武汉航班 我们和医护人员都是一线 我们每天飞到不同的国家和城市 不带口罩更是对旅客和其他国家人民的不负责任  我明天就要和武汉旅客一起在密闭空间一起12小时的航程 收餐时要接触所有人的唾液 可是公司完全置之不理！旅客可以退票我们不可以拒飞,0
一下激增这么多！一开始还只是十几，几个的增加！春运的大高潮，没有办法避免，最初的贩卖野生动物的商贩该担责,0
中国加油，武汉加油！看到这些消息真的忍不住泪目，我能想象到身在武汉的武汉同胞和外乡同胞的心情，现在非常时期非常手段，坚持一下，委屈你们了，如果真的要封锁，希望你们都能多理解一下，真的委屈了，而且现在口罩价格涨到天价，平时几十块能买的现在二三百，这些人真的良心都没有的吗！！,1
现在广东省很多人都是从广东返回湖北回家过年，春节后，会有大批人从湖北返回广东返岗工作，那才是广东最惊悚的时候。,0
保佑河北！,1
江西都有了,0
希望陕西及没有出现疫情的省市都安全???? 也希望有疫情的省市加油渡过难关????????,1
口罩涨价太可怕了，拜托不要涨的太离谱了,0
我们需要知道湖北省的具体情况~需要对武汉市的周边重点宣传。我不传谣，但是小县城防范意识太低了。,0
口罩价格望市场监管部门好好管管！！！发国难财的请拉黑！,0
大家都要做好防范工作啊 （江苏挺住,1
能在电视上或者短信让家里长辈知道严重性吗？我刚刚买口罩问家人群有没有要带的，结果被中老年人骂死，说我们年轻人整天宣传危机，根本没那么可怕……他们说我们是在造谣,0
出门在外带好口罩，勤洗手注意卫生提高自己的免疫，希望不要再扩散了??,1
太恐怖了，跟当时非典一样，建议口摘价格调整一下，涨价太多！,0
福建的瑟瑟发抖，都被包围了,0
山东挺住！！！武汉加油！！！一定要平平安安的啊！！！！,1
陕西撑住呜呜呜呜,1
我东北人开始方了……我想到或许会到东北，但我没想到居然这么快……,0
浙江16例我的天！????,0
河南一定要挺住,1
武汉加油 ??希望大家都平安 在一线的医生你们辛苦了,1
河南被夹在中间 四面楚歌 瑟瑟发抖,0
河南湖北离挺近的，有点慌，武汉人民坚持住[加油],1
我们需要武汉市周边市县政府的宣传，很多中老年都不听。我们不传谣，但是需要大家对疾病的重视。希望各方新闻推送能多点。我们相信国家，也希望自己能够配合国家。,1
我很喜欢武汉这座城市，这次临近过年发生这样的事情，真的很难过，因为本来该团圆的日子，希望武汉好好挺住！加油！一起共度难关！,1
武汉加油，中国加油。愿各地平安,1
江苏挺住！！,1
封城吧 害怕了,0
全民抗击疫情[加油][加油]加油[加油],1
江西？？？？？？？？？？慌张,0
河南被包围了 本大河南瑟瑟发抖……,0
山西太难了,0
河南撑住啊,1
我妈真的要气死我！讲了一堆都是哦海南疑似出现了她就是把我的话当耳边风！气死我了气死我了！只听她们老干部说什么枸杞?绿茶可以预防？？？,0
请问武汉周边城市的情况呢，外省和外国都有确诊了，武汉周边城市互相人流量那么大为什么还没有官方通报啊，我真的着急,0
武汉加油!全中国一起加油!!!买口罩加家人注意真的好难,1
可能还有瞒报的，所以不管在哪里都要小心，特别是十八线小城市的旁友们不要有侥幸心理，小心驶得万年船！出门戴口罩口罩口罩口罩！！！买不到医用外科口罩就先戴普通医用口罩！！！拜托了??????大家都挺住,1
能在电视上或者短信让家里长辈知道严重性吗？我刚刚买口罩问家人群有没有要带的，结果被中老年人骂死，说我们年轻人整天宣传危机，根本没那么可怕，我服了,0
武汉加油！大家都要保重身体啊！,1
江西也有疑似,0
广西北海发现1名来自武汉的游客出现发热症状(消息来自广西卫健委)。总而言之，广西的朋友们注意安全,1
加油中国,1
只要开了一个口子 就有潜在危险 保护好自己 预防最重要,1
出门一定要戴口罩！！！加油中国 加油武汉 共度难关,1
我同学从武汉回来我都不敢找,0
武汉加油！！希望新型肺炎早日被克服！！,1
不要继续扩散了吧,0
山西撑住！,1
武汉挺住！,1
都要好好的啊,1
希望病情早日控制住，大家出门的话千万千万要注意一下！最好祝大家新年快乐啦！,1
海南也有了,0
山西坚持住！！！,1
江苏挺住啊啊啊啊,1
湖南被包围了！！,0
全名努力，做好病毒防范，加油中国，加油武汉[加油],1
武汉加油！！！,1
??????疫情没有控制住之前请大家都做好防护，爱护自己也爱护他人??请医护工作者也保护好自己??,1
快过年了。大家都要平平安安的,1
包邮区最后的倔强・江苏给我挺住了！！！！,1
我主要是接受不了一部分南方人怎么就什么都吃，野生动物毕竟有灵性（大多数，并非绝对）,0
保护医疗卫生人员的安全，做好防护隔离，不要让非典的悲剧再次发生,1
能不能委屈一下去过武汉的啊 不要再乱跑了,0
天啊！海南那个是怎么来的！！,0
潜伏期太长，很多以为没事的人，离开7-8天才开始发烧，唉,0
加油中国，加油武汉，一起祈祷平安??????????????????????,1
前线的医护人员辛苦了， 我们每一个人也要学会防护保护好自己保护好家人～每个人都要平安?,1
加油！我把出远门的票取消了，不增加负担，前线你们加油！,1
还有口罩价格，好多卖家坐地起价啃人血馒头发国难财。,0
武汉加油！！！全国人民都陪着你们挺过这道难关！！,1
平平安安大吉大利！！????????,1
希望我们可以渡过难关,1
非常时期，一心一起挺过去！,1
来安徽了，有点怕，大家一定要注意防护,0
虽然我也很怕，但是武汉的朋友挺住啊，你们身后还有这么多同胞支持你们,1
山东还有[瑟瑟发抖],0
河北挺住??????,1
我害怕…,0
现在是假期，年后工作的、开学的人员交叉才叫可怕,0
武汉加油，大家不要随意外出，都记得带上口罩保护好自己??,1
福建挺住,1
武汉加油！中国加油！向奋战在一线的防控医护工作者致敬！,1
武汉加油[加油],1
讲道理现在慌的一批，，，,0
从武汉回来的朋友们尽量不出门，要是身体有什么不舒服的地方早点去医院看看。,1
我大江苏挺住、不要有,1
真的希望今天的新闻多报道几次，各卫视也滚动播出宣传，让中老年人高度重视！！我们跟他们说根本不听！,0
保护好自己，避免交叉传染！平安！,1
传播的好快[心]大家千万注意保护好自己,1
武汉挺住！！度过难关 保护好自己 注意病毒??,1
武汉加油！早日控制病情??????,1
钟院士在，满满的安全感,1
言语“攻击”武汉同胞的请口下留情吧，刻薄的用词并不能解决问题，“恶语伤人六月寒” 只会伤感情，此时此刻谁不想好好过个年呢！团结一致，相信祖国，相信国家卫健组织，相信钟院士。我们都是中国人，是一家人。,1
加油！共渡难关！！！保护好自己！,1
不是我们武汉本地人是憨憨乱怼人，哪个武汉本地的不想过个好年，有些人大过年的说话不要太过分吧，我们武汉本地的过年完全可以呆在家，什么就叫我们到处跑到处传染，我身边好多计划出行的全取消了，而有些外地朋友想回家我们本地人也拦不住好吗，不要在骂武汉人了吧，最近逛微博都被骂怕了…,0
平平安安????,1
我是武汉人，我不太清楚大家说的封城是什么概念，但是我觉得如果达到一定的程度可以考虑，武汉人民愿意为国家做出一定牺牲，相信政府，相信医学，武汉加油，中国加油！！！,1
加油武汉，加油中国???? 新的一年里愿大家都平平安安 健健康康的,1
加油武汉，加油全中国，一起祈祷平安??????????????????????????????,1
中国加油,1
武汉何时封城？难道非要像非典一样的恐怖，才决定封吗？,0
感觉好多民众都不怎么上心,0
很想买口罩防范，但是口罩价格真的很无语。翻了十几倍，有些药店商家的卖相太难看了！！！,0
国家出面严打吃野味的吧！售和吃都死刑，看还有没有人敢，真的是太害人了,0
过年很多从武汉回来的，出门注意保护好自己啊,1
中国加油！武汉加油！各城市一起加油！积极配合！希望尽快找到解决的方法??????,1
武汉加油,1
望武汉平安，大家不要再喷了,1
现在便利店，药店都已经断货了，还有人在炒。。。,0
武汉加油,1
现在我们能做的只有相信国家，相信科学，相信医生。,1
?????? 大家出门一定要带口罩 要多洗手  照顾好自己,1
大家莫慌！挺住！??????,1
白衣天使们一定要做好防护,1
宝宝害怕,0
少出门 还是在家窝着 好在我们这儿还没有发现 这要大过年的 怕了,0
安徽也有了??,0
武汉加油[加油][加油][加油],1
相信医学 等待福音入耳,1
加油,1
希望大家都可以平安,1
各地陆陆续续增长了确诊病例，无论你身在何方，都一定要做好防护措施，再过两天就大年三十儿了，希望大家都能过个好年??,1
武汉加油，别听有些人无脑黑，都是中国人，都是一家人，熬过难关，我们就赢了，一切都会好起来的,1
武汉加油，委屈你们了，还有大家别喷来喷去了都是中国人啊，咱们要好好的,1
02年12.15日截止到03.7.11的sars病毒，208天里病例8069人，平均一天38.多个人，而现在的病毒性还没有sars强，但还在爬坡期的新型病毒，截止20日已经291例了，真的很可怕，大家一定要做好预防啊,0
