comment,sentiment
全国性双黄连恐慌,0
我们的N95是捐给医护人员的不是红会工作人员！！！！哪来的脸抢占医生的资源！！！！！,0
阜新鞍山都沦陷了,0
严查红十字！！！世界各地的人都在给武汉捐款，如同寿光人民给武汉捐献蔬菜一样。可是，蔬菜进了武汉，就走丢了。,0
全世界都供不起一个武汉，哈哈哈真尼玛是可笑，hsz真厉害,0
前阵子就说了，希望让政府直接开一个直播间通道，捐赠直达，你看看捐红十字会就这?红十字会戴N95，一线医生戴啥?赶紧公布看看钱去哪了?,0
盘锦！！我真的一时接受不了,0
严查红十字！！！世界各地的人都在给武汉捐款，如同寿光人民给武汉捐献蔬菜一样。可是，蔬菜进了武汉，就走丢了。,0
都TM什么时候了！艹！,0
武汉的疫情上演了一出官场现形记。,0
我不懂为什么捐赠那么多，每天口罩防护服几十万几十万的捐，还是很多医院说物资不足，那捐的物资到底上哪里去了？？物资到底在谁的手中发放？？一个医院拿到的物资就几百几千个？？严重建议捐赠物资的车直接一车一车拉到医院门口去，由医院负责人直接拿走，不要再由他人经手，加紧落实物资发放问题！,0
建议贩卖野生动物的天天蝙蝠刺身伺候,0
妈的，还卖！还卖！,0
严查红十字会严查红十字会严查红十字会,0
大家刷武汉的请给我们辽宁留个地。我们辽宁已经无数次向央视，向当地政府请求把这些患者住在哪告诉我们一下，哪怕不是一栋楼，一个小区也行啊，我们现在没有口罩，什么都没有，还要吃饭，出去买菜，我们的安全谁来保障啊？！尤其是大连，没有市长，连副市长都是兼任的，谁能管管我们啊,0
丹东真的很小医疗也不发达??看看丹东吧给医护人员点装备吧,0
辽宁的更新速度不错，好多省份都是明天早上八九点再更新今天的。,1
请求白岩松对话红十字会会长“大家捐的物资都到哪里去了”,0
真有不怕死的,0
请中央从其他省市调些能力强的领导过来吧，先度过这次难关，本来已经很乱了，还各种幺蛾子,0
红十字会不查，全国网友不睡觉,0
迄今为止信息量最低、白岩松问得最艰难的一期《新闻1+1》,0
赶紧下台吧，别祸害一线人员了,0
马书记大年三十到初七都没一句真话??,0
全国多少人陪你们受罪！！死刑！！,0
牢底坐穿吧！！！！,0
必须严惩可恶,0
厦门口罩需要摇号，红十字会口罩到处售卖,0
刚白岩松问了，如何分配，确保公平，效率，满足需求？马书记说紧平衡，按需分配，随后会协调物质直邮，承诺红会三天公布一次数据,1
武汉市委书记马国强武汉绿色蔬菜供应紧张。武汉市副市长徐洪兰武汉市当前蔬菜的供应还是充足的，请广大市民放心。这两场直播间隔不到半个小时。?????,0
可以把春节假期都适当延长嘛？现在的情况确实不容乐观更何况之后呢？高三和大学生数量庞大且过几天就要开学，一旦开学又是人口集中就不怕出现大规模的群体感染吗？之后的假期像五一国庆或暑假都可以适当减少，相信只要不改的离谱大家一定可以接受的！今年注定是一个特殊年，我们要团结起来共渡难关！,1
亿万不清湖北省，三问不知黄冈市，乱七八糟红十字，支出为零慈善会，物资奇缺协和院。开年魔幻大戏,0
希望这波疫情赶紧过去，但愿不要再有更多人得病了??????,1
等待“新型冠状病毒治理成功”“所以医护人员安全回归”的热搜,1
太伤全中国人民的心了……还有多少次还有多少操作一次性全伤完吧！,0
关麻将馆！！禁止办酒席！！关麻将馆！！禁止办酒席！！关麻将馆！！禁止办酒席！！求求了！！特别是县城乡镇！,0
这是发挥了我们国家最大的优势，一方有难八方支援,1
舍友出发了。没想到在家啥也不会干的小姑娘要去当战士了，也没想到第一次坐飞机的她竟然是去支援疫区……望平安归来…,1
请关注在汉就读大学生统计信息泄露问题！许多从武汉返乡的大学生配合有关部门工作提供身份证号、手机号码等个人信息，被公然转发在私人群聊当中，给当事人的正常生活带来困扰，涉嫌违反《传染病防治法》第六十八条第五款，请予以重视！,0
济宁市第一人民医院英雄出发贾建军郭兆霞杨晨王祝国高善红陈嫣赵振。请记住他们的名字，济宁市第一人民医院的英雄们，2020大年初一，出发前往武汉！愿你们平安回来，一个都不能少！??????,1
山东也很严重????,0
只剩下西藏了，挺住!,1
农村加大宣传力度，农村加大宣传力度。有打牌的，有逛街的，有结婚的。还有走亲戚的，??????,0
一线物质匮乏，条件艰苦，医护人员可以克服，一线医护人员不怕苦，不怕累，不怕牺牲，但是请保护好他们的安全，避免他们被感染，他们脱下白大褂也是儿子，是父亲，是妻子，是母亲，同样是一个家庭的希望，也希望一线的医护人员都能注意休息，身体才是革命的本钱。,1
我觉得真的该关注一下各地方的小县城了，我大年三十回家，戴着口罩，周围的人都用异样的眼神看着我，以为我得了肺炎一样，然后我看到的是网吧爆满?KTV爆满?饭店爆满?棋牌室爆满?没有一个人重视，更没有一个人戴口罩,0
山东自己也很严重了一定都要好好的,1
山东加油平安回来,1
最美逆行者！你们一定要平安归来,1
基本全国了,0
不理解那些连夜逃出武汉的。身体有病，脑子也病了吗？早发现早治疗，还免费，您乱跑除了害人害己，还能干啥？,0
希望关注一下武汉的独居老人他们有的没有信息来源并且口罩购买途径也基本没有口罩也抢不过年轻人武汉被封城也不一定知道老人家是易感人群抵抗力也弱拜托一定要给独居老人发放口罩和宣传册??????,0
21号疫情已经扩散而我们的湖北省政府领导居然还开团拜会还圆满成功举办？？如果不是湖北政府官员的不作为疫情会扩散的如此之快？希望国家严查湖北省政府相关领导和相关部门渎职不作为的情况,0
湖北黄石黄石黄石黄石黄石！！看看黄石！！看看黄石！！看看黄石！！看看黄石！！看看黄石！！看看黄石！！看看黄石！！1917例发热10例疑似！！距离武汉半小时车程！！看看黄石吧,0
刚开始不够重视，现在呢？半个中国遭殃！希望中央严厉问责个别官员！,0
但求全国大学也推迟开学吧??????，我在北京瑟瑟发抖……都要撑住！加油??！！打赢这场没有硝烟的战争！！！,1
愿早日平安归来！,1
求求关注山东的防疫情况，太多地方基层毫不作为，本来就是人情大过天的地方，唯一能遏制大家串门拜年大聚餐的办法就是村干部下通知禁止串门拜年！求关注！求地方政府行动！,0
球球了，农村注意一下行不行？？喇叭搞一搞行不行啊？？？我爸妈回山东农村探望老人了，我跟其他家人在重庆，真他妈要哭了啊！！！,0
，看看一个人传染了多少人，多少人要为你负责,0
现在的传染人数只是大概数据，肯定还有好多没统计的，还吃野味吗,0
湖北省是打算以后都不更新数字了吗？,0
死者为大、愿他在天堂一切安好,1
全国的医生往武汉跑武汉的患者往全国跑??,0
1月21日，湖北省春节团拜会文艺演出在洪山礼堂圆满举办，省委书记蒋超良，省长王晓东到场观看了演出。整台演出节目编排新颖、衔接流畅紧凑、舞台恢弘大气、表演精彩纷呈，演出人员强忍发烧敬业演出，营造出喜庆、欢快、奋进的良好节日氛围，演出得到省领导的充分肯定，也得到现场观众的广泛好评。,0
看到或没看到这条评论的人都给老子健康的活着????,1
宁愿不知道您，也不想以这样的方式铭记您。,0
真的太难受了等到现在明明早知道结果是什么??一路走好李医生,0
江苏和河北说好的手拉手 谁也不许放手 我们还是没有坚持住[泪]我们各地都会和武汉一起保重自己 但是控制的前提是人流上一定要把控好 武汉加油 全国各地都要加油！,1
求求部门不要隐瞒 爆出真实数据吧 不然有些人根本无法意识到严重性,0
至此，我国南部地区已全面沦陷,0
徐州彭城书院近百人游学团22日下午6点返徐 在武汉期间无人佩戴口罩 现在全部都回家了没有采取任何措施 彭城书院公众号删除文章 希望这件事能被重视,0
：感觉全境只是时间的事,0
今年春节电影院去不了了，景点去不了了，老实在家看春晚吧，奋战在一线的白衣天使够辛苦了，愿早日消除病毒。,1
拜托封城吧,0
：就因为那几个吃野味的，要数万人民给他们擦屁股，千刀万剐都不为过,0
江苏还是没有挺住,0
希望明天的热搜是“新型冠状病毒控制成功”！！,1
特殊时期请理解,1
希望来得及，武汉加油(? ??_??)?,1
湖北加油，肺炎严重的不止武汉，还有武汉周边的湖北地级市啊，求求多普及知识，老人真的还觉得我们在开玩笑啊,0
这下那些喷子闭嘴了吧！封城才是当年非典最有效防止扩散措施，支持中央决策，为老百姓筑起了生命的护城河,1
那已经发放的30万人可怎么办啊,0
封城了。武汉加油??全国人民加油,1
高速封吗？建议封一下高速……微博搜 逃离武汉 简直刷新三观。还有吃退烧药躲避测体温跑出来的,0
早点这样不就更好了吗。。,1
终于走到这一步了：封城。,0
虽然这么说可能有点无情，但真的早该这么做了…,1
湖北不是只有武汉市，还有其他市，其他市的数据也请透明化,0
说句公道话，我是武汉人 我支持封城，因为这是最有效的阻断方式 但是我们当中的百分之99都没想过逃，而是面对，抵御 大家出门，真的都全都戴口罩 吃野味的那几个该死，但是99.9的武汉人都不会去吃这些 希望这一次可以共度难关，也希望大家能为武汉加油而不是言语中伤 武汉加油！,1
记得跨年的时候在武汉就已经有传闻了 当时官方一点指使都没有 早个十天强制戴口罩 进出口控制 都不会这样,0
终南山院士第一建议是封城，但是病毒太可恨 在春节这个节点，中国是讲情理的国家，没有任何人敢那么理性的决定一下封城。到时又有键盘侠跳脚来说政策太无情。春节都不让人回家。大家也理性一点不要去怪那30万人，不是像那几个个别恶意离鄂的病毒携带者，剩下的30万人和你我一样，只是这次没在你我头上,1
不要关心哪一个省有 哪一个省没有了 希望政府部门可以采取一点措施 武汉的同胞不是中国人吗？ 武汉有多少人没有医院可以看病 医院不收纳新病人 才有人来到外地看病的情况 当地政府没有作为 北京SARS期间 8天修起一所可以容纳5000人的医院 现在为什么不可以,0
有一些人一直在喷ZF措施不到位。我很明确的记得在12.29第一例新型肺炎出来的时候已经进行了通报，并且在元旦的时候已经对华南海鲜市场关停了。而且我们还在这么短的时间内找到了病原体，完成了基因测序，还保证了信息的透明公开。某些喷子在发表不负责任言论的同时应该想想自己为国家和社会做了什么,1
从病患家属微博，已经能看出武汉疫情的严重情况。 政府部门做事，总有个错误思路，怕公众恐慌。像这种疫病类事件，在前期怕的就是公众不恐慌，不然怎么防微杜渐？ 早恐慌早防范，总比疫情雪崩般来袭时再恐慌要强。 此次的疫情，没能在最佳时期阻断扩散，跟相关单位缺乏足够的忧患恐慌意识有莫大关系。,0
武汉封城了，能给他们提供足够的物资生存，还有能提供更多的医疗援助吗？看到微博有好多求助，发热无力肺部感染的患者因为试盒缺乏不给确诊，得不到治疗只能在家隔离……现在才明白为何有些人明知自己不舒服还要跑到其他城市，天性使然的求生欲望，为了能够活着……武汉加油??,0
"终于封城了！封城之后 ""小汤山""造起来！武汉加油！决赛圈的西北地区加油！中国加油！",1
委屈武汉人民了，抱歉得以这种方式来度过难关。希望疫情尽快得以解决。武汉加油！――来自刚刚沦陷的江苏地区人民,1
速度快的恐怖，面对疫情不需要粉饰太平也不需要制造恐慌，我们能做的就是保护好自己，对自己对家人朋友负责，不给国家添麻烦,0
此刻身在武汉，老父亲还奋战在医护一线，封城是非常对的，相信医护人员，相信我们大家一定能够战胜病毒！！！,1
：高速能不能也封掉，看微博上那么多已经出现症状还开车跑路的，真心慌啊,0
可是在潜伏期的他不发热啊,0
我在武汉，我没打算出去，也没打算到处活动，不给全国人民添堵，不给自己更多的感染机会！即使万一感染了，留在武汉的治疗条件肯定比其他地方要好，反应更快，治疗方法更成熟！相信武汉能撑过去，相信全国人民能打好这场战！,1
不算晚，很有必要，武汉加油！,1
能不能管管湖北的地级市，很多都是去武汉打工，前几天才回家过年的，病毒在潜伏期，春节挨家挨户吃台子，简直作死的节奏。老年人根本不听劝啊！求各村大喇叭滚动播出，明文规定不能大型集会聚餐啊啊啊,0
原本计划昨天离开武汉回娘家的，前天晚上思想斗争了一晚上，昨天把票退了。这样大家互相没有压力。孩子得知不能回外婆家过年，难过的哭了一个多小时。今天武汉封城，有很多人风凉话说得很多，其实身边的大多数人都是自动退票不离开武汉的。我们不发烧，身体健康，每天正常上班，佩戴口罩。,1
作为武汉本地人，说实话，真的很着急也很难过，睡不着觉………也很害怕很慌张………但是相信国家的力量,1
 ：加油！！！！！！等疫情结束 我们一起去吃热干面去看樱花盛开,1
潜伏期的没发热等异样，咋检测啊？是不是漏洞？,0
所有感染源都是从武汉感染的，封城真的很有必要，希望大家一定要听国家安排：别去武汉，别出武汉。委屈武汉了，我们爱你，祖国爱你。你挺住！,1
直接封掉吧，早封城可能不会扩散这么快，武汉人民也能得到更集中的治疗。现在多少自驾逃出去的？这对周边城市是多大的威胁啊！对全国人民是多大威胁啊,0
工作人员辛苦了！！！可是高速为什么不封？病毒有潜伏期，这样匆匆测一下体温真的有用？自驾的为什么还能出城，这样就算铁路、飞机停运又有何用？恳请关注湖北其他城市的疫情！！！！,0
希望网上个别人不要无脑喷 这么多人这么大城市这么特殊的春运 不是提一嘴封城就马上下命令执行 肯定要做评估做防护 与其网上骂骂咧咧各种造谣 不如提醒您及家人朋友们出门戴口罩 做好预防措施 减少不必要的传播和损,1
夜里看到武汉封城的消息，想着如果自己所在的城市被隔离得多伤心。但是为了防止疫情扩大不得不这样，武汉挺住,1
见证历史啊。一天之内，情况急转直下，感觉措施还是到位的，现在就剩下盖医院了。十天之后我们看结果。,1
加油！！！各地现在的疫情，也就是二三十天前的武汉，各地政府一定要积极！！行动起来！！！中国坚强，武汉加油！,1
请求国家协调快递业尽早开始营业，不然很多人买不到口罩啊！,0
武汉的朋友们别怕，注意保护好自己和家人，要相信，一切都会好起来的，同时也向奋战在一线的医护英雄们致敬。你们辛苦了,1
因为工作原因，经常去武汉出差，武汉是内地我最喜欢的城市之一，交通方便，景色怡人，民风纯良，关键有好多好多好吃的。年轻，充满活力。我接触的所有武汉人也都乐观善良，不吃野味。所以，不要以偏概全，也不要非黑即白。真心祈祷,1
目前最想看到的一则新闻：新型冠状病毒成功得到控制 再无人员感染 所有医护人员平安,1
看到一个武汉的医生说，2003年非典，全世界守护90后，2020年，换90后守护这个世界。 ?,1
原谅我又刷屏： 请求湖北地级城市实时疫情透明化?????? 湖北武汉周边地级市的情况呢？很害怕。我在距离武汉一个半小时车程的县里。目前没有收到县里村里任何消息，基本可以说周围的人80%都是经过武汉回来的，甚至是长期逗留在武汉的,0
封城不封心?? ?? 我们和你们在一起！加油武汉,1
我的真心建议，春节电影院最好不去，景点最好不去，串亲戚能不去尽量不去，实在出门也要做好防护措施，为自己好，也为大家好。老实在家看春晚吧，奋战在一线的白衣天使够辛苦了，愿早日消除病毒。,1
现在最希望看到的热搜是“新型冠状病毒控制成功”。,1
目前最想看到的一则新闻：新型冠状病毒成功得到控制 再无人员感染 所有医护人员平安,1
我就怕我爸妈不当回事，这几天一有消息就往家里的群发，结果今早还说一句，有个朋友儿子在武汉没逃出来，我说为啥叫逃出来啊，外面不安全这时候就在家待着就好了啊，我爸来一句，那过年了人家不得回家啊………从思想上就有问题，说再多都没用…,0
没觉得怕死有什么不对，年轻人都怕的不行，年龄大的都不听劝,0
不是地域黑，武汉有症状的别乱跑了，只会传染病毒，给医务人员增加负担和造成恐慌，现在的只是爆出来的人数，也有人以为是简单的发热没有在意没有报道出来，真实的患病人数死亡人数可能比统计的要多的多，真的大家别乱跑可以吗,0
还有！希望别的省市继续如实地反映确诊人数等信息！不要以为武汉封城了，目前自己城市患者少就可以掉以轻心！遮掩隐瞒不是解决问题的办法！免得最终像武汉一样酿成大错,0
一直记得胡爷爷在汶川大地震后说的话：我坚信，没有任何困难，能够打倒英雄的中国人民！武汉加油！中国加油[心],1
祈祷疫情不再增加了，愿患者早日康复,1
封城不是放弃，孤城不可怕，可怕的是由人心所铸造的隔阂，以及自私所雕刻的花墙。封城后国家会集中大部分人力物力资源来解决武汉的源头问题。我们每个人都为你们加油啊！不能等到病情蔓延全国无法控制，希望武汉人们能理解！我们一直在你们身后！,1
麻烦关注武汉周边,0
潜伏期真的别去电影院这种封闭空间，太容易感染了，万一节后出个确诊的里面的都危险[跪了]  我们县城一家四口武汉回来发烧了还没确诊上报。。。真实情况比官方报的严重吧 瑟瑟发抖,0
我妹妹同济医院规培，医院报志愿者，结果名额秒满！到危机时刻就能看到有些人的伟大，大家对医护人员多点理解！,1
：刷着微博刷着微博就想哭了，现在的只是爆出来的人数，也有人以为是简单的发热没有在意没有报道出来，真实的患病人数死亡人数可能比统计的要多的多，真的大家别乱跑可以吗,0
别人我不敢说，就我认识的武汉人，包括我自己，我父母，我的亲朋好友，这个春节会全部呆在家里，不会外出，也不会去外地。请放心。然后祝大家平安。,1
武汉加油??！打赢防疫战！,1
：武汉加油加油加油加油！！！！众志成城，可以的！！！！！,1
同在武汉，坚决不出城，守护这座城，为国为民为自己。相信国家力量，武汉一定能挺过去。现在减少人员流动是最有效的办法，没感染的尽量别外出接触人群，有症状的自己直接去定点医院积极治疗，“疫情控制，防御为主，防治结合。”,1
武汉加油，会过去的,1
武汉这个小笨蛋  中国妈妈和其他小朋友都会帮你擦掉眼泪的,1
17年前那群被保护的孩子，现在也成了保护别人的人,1
春节本应是合家欢乐之际，可今年因为武汉的疫情，大家此刻的内心更多是对不在身边亲人的牵挂与担心。现在有人大讲什么假如，说得很好，可人生没有假如，当下少抱怨少谩骂，支持政府相信政府，大家万众一心，共同面对艰难时局才是正道，至于反思与追责是必须的，但不是现在。加油武汉加油中国????,1
在春节前后发生这种事情真的很难过，又是回乡团聚的高峰时期，人流量最大。菜市，超市各种市场人流量很密集，一定要带好口罩，保护自己，很多在武汉工作的人民今年不能回家过年了，没关系，以后的以后每一年都能回家过年！武汉人民加油！全国人民加油！时时刻刻都在关注着。[感冒],1
不去武汉 就是支持武汉 不离开武汉 就是支持全国！,1
我最亲爱的武汉，你只是暂时生病了，但是你别怕，有很多一线的医生都在帮助你，你的好朋友都在关心你，等你好了，我们再一起吃鸭脖热干面，手牵手一起走，我们永远在一起[心][心],1
：武汉加油！一切都会好起来的！愿平安,1
...武汉政府这次反应太慢了 这次过后估摸着要刷掉一大批了,0
终于啊 不说其他了 只要封了就不晚！,1
勤洗手，少出门，注重个人卫生；不信谣，不传谣，理性防范疫情全民团结一心，相信政府，相信医护人员！！！,1
不去武汉 就是支持武汉 不离开武汉 就是支持全国！,1
我超级害怕,0
基本上报疑似的都是差不多确诊了的[跪了]希望大西北稳住,0
看到换90后守护全世界哭了,1
今天出去超市，发现年老的几乎都不带口罩，反而年轻人孩子大部分都戴，问他们就说：没事啊，大惊小怪的,0
这决非传统意义上的“封城”，全体国人将始终与武汉广大市民在一起。武汉内外的人将一直休戚相关，抗击新型肺炎的斗争只有赢得了“武汉保卫战”的胜利，才会有全国的胜利。武汉加油，武汉挺住。,1
武汉加油！不过自以为健康的还是别开私家车逃离武汉了，毕竟目前最好的医疗团队一定在武汉,0
亲爱的武汉 快点好起来 我们还等着春天去看樱花呢,1
武汉这座城从来就是压不垮的，武汉人从来就是坚忍不拔敢于胜利的，再加上全国人民与这座城、这些人心手相连、风雨同舟，最后的胜利一定属于武汉！ 加油，武汉！ 来源：新华视点微博,1
国旗之下  一国一家一心  ,1
刚开始不够重视，现在呢？半个中国遭殃！希望中央严厉问责个别官员！,0
对不起我又来了请大家关注武汉周边湖北省内)为什么湖北省内被遗忘了！！为什么作为离武汉最近的城市，没有疑似没有确诊没有公布发热门诊和定点医院！孝感官方还在宣传乘坐公共交通走亲访友！！说要低碳环保！！！！！还鼓励市民去拜年！！！！还关闭评论！！,0
可不可以加强农村的宣传呀，我们这些小辈的话，他们真的不听，新闻联播可不可以播报危险性，能不能官方呼吁下今年拜年从简，不要串门，不要聚餐，不要走亲戚了,0
请求官方呼吁下今年拜年从简，不要串门，不要聚餐，不要走亲戚了!我们自己说都不管用，大人们还是一样聚在一起!一点都没有重视!,0
十八线的小地方县城村镇是真的无人问津，交通不便连送去就诊都很困难。所以更加应该提高警惕，做好充分的防护措施，时刻注意身体状况，千万不要掉以轻心。,0
最怕看到新增和确诊两个词了[悲伤],0
去过武汉的人 以及长期呆在武汉的人 能不能别乱跑 别祸害全国的人？,0
看到这条评论的人，你们都得给老子活着，都不许感染,1
湖北其他地级市也通报一下吧！不听话的中老年人就是要真实数据才能让他们信服！要不然总觉得自己身边没有确诊病例不以为然,0
我们这儿有个人打车去医院，在车上一直咳嗽，司机一直问为什么咳嗽，有没有去过武汉，这个人一直含含糊糊的不回答，最后承认刚从武汉回来，一直咳嗽，想去医院看看，司机让他下车然后打110报警了，有些人就是自私，不为自己负责，不为广大民众负责,0
17年前的非典我们是被医务人员保护的小朋友，今天我们这群小朋友换上白大褂来保护全世界了,1
：新闻联播能不能说起来？！！,0
口罩的罩字是13画，福字也是13画，罩字谐音找字，有寻找福气的寓意，各位家长朋友们，戴上口罩就是戴上福气，大过年的图个吉利，再说孩子买回来也花钱了，不戴浪费了，戴一个吧,1
求求官方呼吁一下尽量不要走亲戚了，那么多人围一个桌吃饭，还打麻将喝酒啥的，想想就窒息啊[泪][泪][泪]小辈劝根本不听啊，还会被骂不要说不吉利的话[泪]有的大人还不戴口罩，新闻官方的话对大人来说总比我的话要奏效一些，真的求求了,0
明天的春晚可以宣传一下吗？？毕竟对于绝大多数家庭，尤其是长辈，看春晚是传统了,0
我督促没用，出门就摘，他们不信我，他们就信能看见的电视新闻，但是现在电视能联网了，他们又不看有线电视了[费解]可真是!气死我了!,0
不知道其他地方，我在福建的一个小县城，今天出门买东西发现大街上就只有几个年轻人戴了口罩??大家都很不重视啊！！老人家们出门买年货，市场人又这么多，实在是太危险了！！,0
说了没用啊，急死了,0
劝不动，要死一起死吧,0
我们家长辈防卫过度?????????????? 年夜饭自己做 戴口罩 家里开着新风系统 出租车不让坐 商场不让去 不让出门 不拜年串门不接待客人 贺岁档电影不去了在家看冰雪奇缘 Do u wanna build a??,1
：请求官方呼吁下今年拜年从简，不要串门，不要聚餐，不要走亲戚了!我们自己说都不管用，大人们还是一样聚在一起!一点都没有重视!,0
武汉周边县市请求公开透明！！！武汉周边县市请求公开透明！！！武汉周边县市请求公开透明！！！武汉周边县市请求公开透明！！！武汉周边县市请求公开透明！！武汉周边县市请求公开透明！！！武汉周边县市请求公开透明！！！武汉周边县市请求公开透明！！！武汉周边县市请求公开透明！！！,0
小镇上真的很多人都不戴口罩，卖鸡鸭鹅兔的，卖年货的，人流量大，还密集，几乎没人戴口罩[跪了][跪了][跪了]跟我爸妈说，也不以为意，总觉得传不到这个两百线的小镇[跪了][跪了][跪了]我说了还被说我反应过度[跪了][跪了][跪了]放眼过去，除了戴头盔的，只有我戴口罩,0
我跟我爸说：“您不戴，您一人中了，我们全家都遭殃。”然后，我爸在我面前戴了，我从阳台看，他到楼下就摘了[允悲]跟我玩心眼儿[笑cry],0
爱听不听 等着被感染吧,0
大家多给中老年人宣传一下，特别是小地方 现在好多中老年都不相信疫情的严重性！很多人都不知道情况，跟他们普及也听不进去，觉得小题大做，电视多做普及吧，特别是三大运营商短信通知起码引起重视，又逢春运，人流密集，再不重视，不提前预防，更是让人担忧 再次呼吁 别再吃野味了！！！,0
让晚上七点的新闻联播说一下，比我口水说干了都有用,0
公布数据！！！！！！！！！！！,0
可以想办法给老人发放一些物资吗 老人也很需要啊 他们信息更新慢 而且老年群体容易被传染 不希望他们悄无声息的在这个冬天离开[泪] ??? 特别关注下老人[泪][泪][泪]他们有的没有经济能力买 有的消息落后 不知道买什么样的 求求了,0
：安徽已经9例了！！！强烈谴责武汉渎职官员！强烈抗议！再次抗议！,0
送给吃野味的人一句话 管好你的嘴 要么就藏好你的妈,0
我服了 我们内蒙人都没得 结果我们内蒙第一例是从武汉大老远跑来我们这里自驾游的,0
不去武汉 就是支持武汉 不离开武汉 就是支持全国！相信祖国 相信武汉 相信医护人员 加油,1
请求大家关注一下湖北荆门伤医事件[允悲][怒]气死了,0
可不可以加强农村的宣传呀，我们这些小辈的话，他们真的不听，新闻联播可不可以播报危险性，能不能官方呼吁下今年拜年从简，不要串门，不要聚餐，不要走亲戚了，避免大范围扩散??????安徽省亳州小县城这里真的好怕，我们医疗真的没有很先进，真的没有人戴口罩，,0
多关注一下湖南吧 武汉封城之前湖南涌进来几万人,0
湖北啊 我真的特别想说，求求你们抄一抄河南和浙江的作业吧…学霸都给了正确答案了，你抄一抄…,0
我是武汉人，我很害怕。 这是我的心声。,0
中央接手吧，湖北，武汉指不定拿钱干出什么憨比事情,0
希望还是由中央统一调度指挥吧，对某些省政府不抱希望,0
强烈要求严查湖北上下官员失职渎职不作为的情况，现在感染源都扩散到全国了，官员们还有闲心开晚会，医生护士连防护都不足,0
要哭了 好多武汉来的都来湖南了,0
就想问问安徽zf什么时候下岗[微笑][微笑] 天天给消息藏在家里能吃吗  恐怕安徽还有没公开的数据吧,0
湖北神操作: 知道是海鲜市场问题，直到媒体报道了再关。 知道有人传人，但一直就说没有，直到钟南山说有。 知道有肺炎疫情，但就是当做不知道接着开四万家庭的聚餐。 知道得封城了，半夜发通知，然后上午才封，留下几小时让人四散奔逃。 知道得控制集会了，自己开个团拜会，开完了说大家都不许再聚了,0
湖南加油[泪]毛爷爷保佑我们??,1
联欢会看完了吗？很多流浪汉孤寡老人小地方年纪大的公共场合工作人员防护措施根本不到位，有的都买不起口罩戴。,0
就不能发下湖北的数据吗，让网友安心也好,0
：比较担心农民工群体，全国各地回乡返程的流动性太高了，从动车到汽车辗转到老家县城或村镇，防护意识没有城里强，一定一定多让长辈看cctv13！是疫情专题！！,0
原来热搜全是明星的日子才是真的国泰民安 看着现在的热搜我好难过,0
。。摊位上分离出病毒也太吓人了吧那不是随地都是？？,0
求透明通报湖北其他地级市！求透明通报湖北其他地级市！求透明通报湖北其他地级市！求透明通报湖北其他地级市！求透明通报湖北其他地级市！求透明通报湖北其他地级市！求透明通报湖北其他地级市！求透明通报湖北其他地级市！透明通报湖北其他地级市！孝感天门潜江仙桃宜昌荆门襄阳鄂州黄冈咸宁随州十堰,0
但凡那么几个憨批管住自己的b嘴 不吃野味 也不至于全国乃至全世界为他们善后,0
武汉23号早上都封城了！21号的湖北领导在武汉干嘛？ 答：趁着疫情，人相对少，一起去典礼大堂撒欢,0
但求全国大学也推迟开学吧??????，我在北京瑟瑟发抖……都要撑住！加油??！！打赢这场没有硝烟的战争！！！,1
给环卫工人们也发一下口罩啊！！！还有独居老人！！！请关注一下老人们啊,0
我真的搞不懂了在武汉生病了就地治疗就好了，回家之后全家被监控怕感染，何必呢？,0
16号就有症状，19号还回家？？微博看到的：带病回家不孝子孙,0
不理解那些连夜逃出武汉的。身体有病，脑子也病了吗？早发现早治疗，还免费，您乱跑除了害人害己，还能干啥？,0
全国人都在为那个吃野味的孙子买单，那么多好吃的不吃去吃野味，我真是不想爆粗口，我想打爆他狗头,0
：看看大学生吧！大学生人流量大，真的害怕[跪了],0
让人类走向灭亡的，不是病毒，而是人类本身,0
：“等冰雪融化了，全国人民都会去和武汉的樱花一起迎接新的春天新的盛世”你“的城市生病了，但是大家会治好她” 愿平安 愿春暖花开 一切都会好起来的,1
这些逆行英雄都要平安回家！,1
建议全国取消所有旅行团！！！ 外面有多少流动的潜在病毒携带者，我们不清楚，这次病毒潜伏期太长了，而且潜伏期也有传染性，还有心情放心旅游吗？不怕一万只怕万一！ 旅行社只会说没事的，没问题，请问有问题你负责吗？ 我愿意把违约金用于武汉物资方面，但不愿白给这种事不关已的人！,0
湖北省的团拜会你管不管！管不管,0
为众人抱薪者，不可使其冻毙于风雪，为自由开路者，不可使其困顿于荆棘，为众人某生者，不可使其葬于人心，为黎民立心者，不可使其诋毁于蜚语。,1
医者仁心 大爱无疆 众志成城 致敬英雄 不信谣不传谣 注意防护  共渡难关 武汉挺住,1
：打黑车偷偷离开武汉的确实是不明智。病毒随身，又不会眷恋武汉。,0
我很自私，出去支援的医生还请平安的回到原岗位，拜托了,1
你们怕是不知道上下课换教室楼道里有多少人，要和多少人接触[微笑],0
大学生表示真的怕 校园里那么多人 就算不是武汉人 那也说不定跟去过武汉的人接触过 一切都是未知数 真的不敢动 现在还没买票,0
大学生专业一起上大课不就是最大的聚集性活动吗？还有食堂吃饭？浴室洗澡。。。,0
孝感市政府在干嘛孝感市政府在干嘛 孝感市政府在干嘛孝感市政府在干嘛 孝感市政府在干嘛孝感市政府在干嘛 孝感市政府在干嘛孝感市政府在干嘛 孝感市政府在干嘛孝感市政府在干嘛 孝感市政府在干嘛孝感市政府在干嘛 孝感市政府在干嘛孝感市政府在干嘛,0
还开学啊。。。[生病]本大学生表示暑假补课都行 实在是怕高铁站和机场了……,0
真的不谨慎考虑一下延迟开学吗…本女大学生瑟瑟发抖…暑假可以没有都没关系的,0
我的天呐，看到“我们是2003年奉命赴北京小汤山抗击非典的南方医疗队队员”我的眼泪就忍不了了，谢谢你们,1
愿平安归来[o你小心心],1
求求了，我们这里18线县城，我妹妹高一2.1学校违法开学，救救孩子吧,0
武汉不作为，传染了全国,0
没想到湖北、武汉的某些高官领导了送给全国人民新年新年礼物竟然是新型肺炎了,0
支持中央！！我他妈现在都想打死湖北这群吃干饭的，12月就发现问题了，没有任何防控措施也没有对市民进行提醒，那种轻描淡写得语气就像是普通的感冒一样，街上就没几个带口罩的，现在突然这么多人，这群湖北领导绝对脱不了干系！,0
能不能呼吁一下春晚开头把拜年的贺词都改成肺炎通报呀！家里的老人都太不重视了！说也说不听，春晚官博也关闭了评论，没法提建议！！！！,0
武汉什么时候加强维持一下秩序…还有医护人员上下班和饮食问题…普通老百姓的日常生活需要用的物资问题,0
求求关注下山西吧！！坐标运城已经有确诊疑似但是没有通报，也没有所谓的宣传疫情的报道，好多老百姓都还不知道咋回事！！！出门大街上都没多少人戴口罩，有都是年轻人！！！麻烦加强下强调下严重性吧！！！！,0
人家看团拜会是为了避免恐慌，演员带病演出这叫敬业，懂不懂？不懂我再想想要怎么洗,0
山东政府还没有山东网友上心 群众都知道举报自救 山东网友们一定保护好自己 大义灭亲 还举报就举报呀,0
偷吃野味 病床C位,0
发现没，跟病毒同样让人感到无力的是顽固的思想 ???,0
希望大家关注一下奋战在病毒一线的医护人员，他们冒着被传染的危险，顶着超负荷的工作量去工作，他们现在没有口罩，没护目镜，没防护服了，。给他们集资一些吧?? ?? 他们是战士，没有刀和枪怎么和病魔作斗争。,1
我，坐标安徽省黄山市一个小县城，有不停下楼去放鞭炮的人们，有相约着除夕聚餐的人们，昨儿上了一趟街，戴口罩的不足百分之十，今儿不上街了，也不知道戴口罩的占了几成，只能佛了啊，坚持不戴口罩的还是会说“我们这儿，山区，怎么可能传到这来，不戴不戴，晚上耍一把”,0
一人乱吃全家升天,0
：等武汉好起来，我们一起去吃热干面，去武大看樱花，去江汉路坐知音号，去东湖坐缆车，去司门口走长江大桥，加油武汉。,1
没收到任何关于预防病毒的短信也没有让底下乡镇社区入户宣传，很多人都没有引起重视武汉漫入人员甚多不登记，任由他们出入安徽境内。安徽各地口罩价格被哄抬。至今只公布一例患者信息。防控疫情宣传不到位。官方平台关闭评论，拒绝接受意见，请问既然要做到公开透明发布信息为何惧怕群众提意见[微笑],0
：“幸福我不敢说，但是拜托平安。” ??,1
现在忽然就有点明白鲁迅先生弃医从文的心 思想顽固真的即着急又无奈,0
可惜聚不聚会我们转发的年轻人决定不了…,0
大家多给中老年人宣传一下，特别是小地方 现在好多中老年都不相信疫情的严重性！很多人都不知道情况，跟他们普及也听不进去，觉得小题大做，电视多做普及，村里、小区大喇叭也要不停播放相关病情防控等事宜，此又逢春运，人流密集，再不重视，不提前预防，更是让人担忧 不乱跑 保护他人更是保护自己。,0
在这说有用吗？我劝人还被骂，亲戚已经在来的路上了,0
不必，家里人已经说我怕s了，怎么说也不听，还骄傲地说离非典差远了，无所谓了，反正我戴着口罩哼着歌[嘻嘻],0
微博倡议有什么用？？能不能办点实事？？家长看微博？？爷爷奶奶看微博？？说了几天了说破嘴皮子爸妈爷爷奶奶不听我们有什么办法？？？我真是服了！！,0
你光在网上说有啥用啊？明天就是大年初一就开始无尽的拜年聚会，，，，，真的电视上也别一片祥和了,0
：倡议真的毫无作用，我妈说的除非国家强制性规定让这些人别出门，不准聚会。我。。。。。。真的够了，因为这个事已经跟我爸妈吵了几次了，还是不听，还让我别看这些新闻，说制造恐慌，我。。。。。。,0
都去去抄河南作业，上午发现第一例，下午禁止活禽交易。我妈死活不戴口罩，觉得还没那么严重，昨天小区物业挨家挨户敲门登记从武汉回来的居民，顺便提醒戴口罩，这才带上。今早收到河南移动的短信提醒，给河南移动也点个赞。,1
不要倡议尽量，直接发文件不好吗,0
：记得戴口罩??记得多用酒精消炎??尊重医生保护医生?准备好医疗物资??新年快乐??,1
全国强制禁止家庭聚会！！强制禁止面对面拜年！！！,0
：你们电视上滚动播啊，老百姓看到电视里可是一片祥和，欢天喜地，放心得很，走亲戚串门,0
天天求转发艹kpi？每天刷微博的还有几个不知道防护的？倡议有什么用？电视台能不能滚动播出新闻？今晚春晚能不能大力宣传？你求什么转发？,0
倡议的结果就是我们在家挨骂,0
：家里长辈根本不听 有什么用,0
爸妈不听不听不听，非要走亲戚走亲戚走亲戚。拉不下面子拉不下面子，觉得不去是看不起看不起看不上。我想哭。,0
倡议真的没用 特别农村吃喜酒 请客吃饭 请下文件命令禁止??！！！我真的害怕！我初四居然有两顿请客吃饭 我不去 家里也要去 都是村里的 唉！,0
年轻人过年不出门没啥，劝爸爸妈妈们才难,0
劝大人靠我们这些小辈，分分钟被怼[允悲][允悲][允悲]希望爸爸妈妈睁眼看新闻,0
为什么电视上宣传这么少呢我不懂，如果说怕引起恐慌，你微博上为什么这么实时播报，你微博上让年轻人警觉意识到严重性了，电视上宣传上还是没啥动静中老年人照样以为没什么大事，这个做法是出自什么呢？我真的不懂，为了让年轻人知道自己有多人微言轻吗,0
我倒是支持，他们不看不理不重视啊[跪了],0
：一传染就是一家子啊,0
我真的建议发放文件强制吧……家里长辈没人听的，他们眼里春节脸面比命重要……我马上就要被拉去家族聚餐了……微博上发只有年轻人能看到，没用的，年轻人普遍人微言轻，家里没人听的……,0
请发布强制规定！小辈说不上话 老一辈不容易被劝动！,0
麻烦更新一下湖南好吗，作为和湖北相邻的省份之一，我们做错了什么。大量鄂A车牌涌入，其中多少人在潜伏期不得而知。现在数据也没更新湖南，大部分湖南群众都非常紧张，希望及时更新数据，加强电视播放力度，引起不会上网人群的重视。??,0
：重庆还不启动一级响应？？？重庆离武汉要多近有多近,0
满意了吗？吃个野味全国为你陪葬？东北温度这么低都能传进来？你们是人吗？天天地域黑东北，这要是东北开始传的，估计你们都得把东北骂死吧？还有那些在别的省内新闻底下说自己省份的，你们是人吗？求求你们做个人行吗？回自己省份说行吗？麻烦你们罪魁祸首看看地图变成什么样子了？还有几块是空白的？,0
麻烦重视一下湖南好吗，作为和湖北相邻的省份之一，我们做错了什么。大量鄂A车牌涌入，其中多少人在潜伏期不得而知。现在数据也没更新湖南，大部分湖南群众都非常紧张，希望及时更新数据，加强电视播放力度，引起不会上网人群的重视。,0
身为山东 真的很害怕 求求山东政府也跟其他省市一样启动一级响应吧,0
书记省长喜迎团拜会，医生护士赴死抗肺炎。,0
以送病毒为目的的探亲,0
啥叫探亲，这是千里送毒，一家人未必一起活，但一定要一起死。,0
说到底还是那些自以为健康的武汉人跑出来了。,0
实在是不想大过年说一些难听的   新疆内蒙古昨天接连沦陷   都是因为20几号左右从武汉回来   今儿中国最后的希望青海也发现  我就想说一句  能不能有点自觉  你不怕死别人怕 能不能别乱跑了  求求你们了真的是  ,0
武汉绝大多数人没跑，在忍受着疫区恐慌，交通停摆，物资紧缺。他们是普通人，吃野味的不是他们，欺上瞒下的也不是他们，他们只是特他妈倒霉而已。即使如此，他们仍然承受着。,0
野味好啊野味妙野味吃完骨灰飘；喝了一碗蝙蝠汤，火葬场里睡得香；尝了一碟穿山甲，寿衣穿的要典雅；吃了一块鳄鱼肉，地府里开个人秀；别人在家过新年，吃野味的数冥钱；今天野味吃下肚，明天就在棺材住；反正住了没人哭，因为他们没父母；尘归尘土归土 医闹不配有父母，别人在家过除夕 医闹全家过头七,0
刚听到老一辈的还说这些都是唬人的没这么严重 我真的要气疯了！！！！电视台能不能做做宣传！！！！今晚春晚能不能提醒戴口罩注意防范！！！！球球了！我真的害怕！！[泪][泪][泪],0
全国的医生往武汉跑 武汉的患者往全国跑??,0
：武汉痊愈的那一天才是中国的新年 一起过年 举国同庆加油武汉?,1
"看到很多在武汉朋友的朋友圈，有两个问题迫在眉睫不然真的全城失守：1, 病患太多，各大医院的防护物质撑不了几天，医生基本保护已经做不到了；2. 公共交通停运，很多一线医护人员无法回家，有热心市民开始组织接送车队，这是非常危险的，医护人员必须立马独立统一食宿，市民的热心可能会造成交叉感染",0
隐瞒疫情，将成千古罪人。 带病回乡，不肖子孙。 吃野味，从初七到头七。 ? 偷吃野味 ，太平间c位 ?。 今年上门，明年上坟。,0
这个病毒好鸡贼,0
：请求武汉捐款支出明细透明！！请求武汉捐款支出明细透明！！请求武汉捐款支出明细透明！！请求武汉捐款支出明细透明！请求武汉捐款支出明细透明！！请求武汉捐款支出明细透明！！为什么国家拨款20亿，人民捐款几千万，武汉医院仍然存在物资紧缺问题！请重视医护人员生命安全！！,0
光有医疗物资器材是远远不够的。麻烦zf看看武汉医护人员的年夜饭吧  就是平时那也是些“垃圾食品”啊 更何况是在现在这么强的工作压力之下 那些营养是远远不够的。麻烦照顾好所有的医护人员 不然这些医疗器械怎么用都不知道。,0
建议官方叫它“野味病毒肺炎”，不然多年后还会再次爆发！肯定目前还有很多吃野味的呢，因为他们不知道这几次疫情都是野味传播的，把名字改成通俗点能有效预防下次疫情的发生，提起“非典”所有人都还心有余悸，但大部分人特别是年长者直到现在都还不知道非典是野味引起的,0
整齐齐的去，也请你们整整齐齐的归来,1
我发现 武汉各医院物资好像一点也不充足  医生护士都没有防护服了  [泪][泪],0
武汉物资紧缺物资紧缺物资紧缺物资紧缺物资紧缺物资紧缺物资紧缺,0
注意嗷这个是中央出手的。湖北政府依旧跟死了一样[二哈],0
让国家损失百亿经济 让百姓医护人员搭上性命担惊受怕 没人管使得人民自发救人民，不知道沈腾的小品某些领导看没看[微笑],0
地方政府渎职，坑了一把中央。这几天看出来中央政府挺震怒的了，等疫情有好转，湖北的领导们怕是吃不了兜着走，特别是武汉市政府。说是千古罪人都不为过。,0
坐标武汉，拜托现在取消不必要的各单位值班好吗？真的 现在要求值班就是扩大感染的可能性啊[泪][泪][泪]身边有人被要求春节期间值班,0
今天是除夕夜，目前最想看到的一条新闻：新型冠状病毒成功得到控制，再无人员感染，所有医护人员平安。拜托了！大家出门戴口罩，勤洗手，多喝水，多吃水果，提高免疫力，保护好自己的身体，照顾好自己和家人。,1
哎 放假该回家的都回家了，打工该回乡的都回乡了，现在 真的太晚了[摊手][摊手][摊手][摊手][摊手]我现在呼吁管理者，春节假期至少延长到正月十五，最大限度的静止人群，等第一批感染者过了潜伏期再根据情况决定。,0
太太太太忧心了，很多地方不严控，特别农村，我老家一人从武汉回来在家出现不适后去乡镇卫生室挂吊瓶挂了四天然后又去县城医院确诊 这其中接触着没有几百也有几十人。如果不严控，高峰期还在后面，希望各政府部门高度重视，全国一盘棋,0
看看湖北黄石，湖北鄂州，湖北黄冈，湖北孝感，湖北咸宁等地市吧！！！！！！！医院医疗物资极度匮乏！求求关注下！！！！！！,0
物资跟上吧 求求了 他们真的快撑不下去了[泪][泪][泪][泪],0
广西，求你做事，真的要多宣传，引起重视广西，求你做事，真的要多宣传，引起重视广西，求你做事，真的要多宣传，引起重视,0
：广西不要再增了拜托???? 这里医疗条件不好,0
山西政府你的公信力在哪里？数据透明在哪里？疫情宣传在哪里？03年的太原又要重新上演吗？,0
西安空军军医大学西京医院60名、唐都医院35名共95名医护人员，从西安出发支援武汉。明日大年初一，西安交大一附院、二附院医疗队也将出征。这是我们小西安这个领域最好最好的医生了……军医大二、三、四院都去了！兄弟城市都去支援了，武汉加油啊！,1
我是河南人。那几个确诊新冠肺炎患者的乡村基本实行了封闭管理，家里人也因手机短信还有本地媒体的大力报道防护意识很强； 尹弘是上海人，刚来河南任省长几天就办事效率极高，还记得回家坐出租车时司机就一直在称赞他； 虽然人心恐慌，但强有力的举措还是挺骄傲的。希望这个疾病早点攻克，早点扼杀,1
山西有点慌，自从通报一例后，就彻底没消息了，希望可以透明一点，重视一点，2020都要平安。,0
关麻将馆！！禁止办酒席！！关麻将馆！！禁止办酒席！！关麻将馆！！禁止办酒席！！求求了！！特别是县城乡镇！,0
拥护党中央 相信政府 共度时艰,1
湖北加油！ 湖南加油！ 北京加油！ 广东加油！ 上海加油！ 浙江加油！ 天津加油！ 河南加油！ 四川加油！ 福建加油！ 广西加油！ 山东加油！ 吉林加油！ 安徽加油！ 海南加油！ 山西加油！,1
听党指挥能打胜仗，加油中国！,1
看到疫情从刚开始几例 到现在蔓延到全国 老子真想把那些吃野味的憨批给活埋了,0
请关注在汉就读大学生返乡统计信息泄露问题！许多从武汉返乡大学生配合有关部门工作提供身份证号、手机号码、家庭住址等个人信息被公然转发在私人群聊当中，给当事人的正常生活带来困扰，请予以重视！,0
防控疫情别把农村漏了，新冠肺炎疫情防控形势严峻，但农村地区防控亟待关注！春节返乡人口多，当地医疗水平有限，农民防控意识相对较弱，为避免出现防控死角，我们倡议：掌握人员动向、做好排查登记、避免人群聚集、入户宣讲检查… 并且大家都关注一下基层服务者。,0
求求了，赶紧下发文件到乡镇吧！村干部没有任何行动！农村太难了，老人也讲不听！还打麻将，去赶集！,0
那疫情是有多严重…,0
我们虽没在一线，但时刻专注着疫情。即使全国被疫情笼罩着，但当年八国联军都干不掉我们。我相信只要团结，终究能拨云见日，一切都会好起来的，加油武汉，加油中国！,1
火神，雷神都有了，该死的病毒看你往哪跑,1
尽管最近收到太多糟糕的消息，但陆陆续续也看得到一些好消息。已经研制出快速测试是否感染的方法，成功分离出新型冠状病毒毒种，有已治愈的患者出院，第一批救助物资已经到达武汉...相信还会有更多。,1
我要吹爆我爷爷[嘻嘻]我们村已经在省启动一级响应之前大喇叭广播不要拜年了，我爷爷听了我们说的不要拜年之后不仅写了标语贴在门口，还去找了村委书记让他宣传不要拜年。我爷爷是老党员，当过村委书记，在村里威望很高，每年都有很多人来给他拜年，但是今年所有来给他拜年的甚至都没进屋。,1
竟然还有人从武汉天价拼车回到农村，怎么想的？良心不痛吗？？？？？,0
其实乡下才是最恐怖的啊[跪了]麻烦重视一下吧！乡下大部分从外地回来的人，指不定就有被感染的人呢，然后大家又喜欢串门，真的后果不堪想象,0
这么多省我只佩服山西政府，不管你急不急，反正他不急,0
重视一点！陕西一级响应？！现在就同学群在这慌，村上啥都不说？！我们慌有啥用，要政府有何用！我妈该说着去岐山走亲戚，可是岐山都有确诊的了！,0
：陕西你是在等秦始皇下圣旨吗,0
我昨儿睡前看到还是一千三百多 今儿快两千了,0
：想问一下，浙江杭州已经有三波国外的武汉人送来了，我们可以接收武汉人啊，但是和在浙江人并不知情有武汉人的情况下一起打包回来，这操作是不是值得商榷 。并且听说后续还有更多在国外的武汉人会送到浙江杭州，请问这是真的吗[笑cry]因为目前浙江医院已经出现物资短缺了，并且没有完好的小汤山模式医院,0
12.8武汉就出现了第一例，12.31官方还在辟谣，后面也没重视，武汉人民相信zf，相信官方，也没有觉得多大点事，很多人放假早就出去玩出去探亲了，真正算逃跑的就是封城前跑出去的30万人，封城还要发文，脑子有坑，一群狗官，害整个湖北省被全世界唾弃。tm我们才是受害者好吗？,0
湖北政府长期不作为害惨了全国，几个吃野味的憨批夺走了那么多无辜的生命!然后疫情好转之后，某些人又开始吃野味，政府依旧睁一只眼闭一只眼!,0
能不能把餐馆和麻将馆封了，这天天有人往哪儿跑，我爸也是，咋说都不听，跟不要命了一样,0
：武汉封城之前给8小时让几十万人出逃，给全国疫情蔓延造成无法估量的后果。江浙沪作为医疗经济重镇，再怎么发达也顶不住你们这几百人几百人的空投，每天确诊人数的增加就是证明！  浙江人民拒绝空投 浙江人民拒绝空投 浙江人民拒绝空投！！,0
我们村来了有一家从武汉工作回来的，我们村的人都不敢举报，我爸刚才果断的去举报了，为我爸点赞！！！,1
乡镇都没有宣传 全靠自觉,0
前几年的非典我不怕，因为我还是个孩子，这次的病毒我怕了，在你财产和生命遇到危险的时候救你的  不是明星和网红，而是国家，是军人更是医生，给他们深深鞠躬??，加油武汉，加油中国????,1
：感觉好消息越来越多了[心],1
湖北，宜城市人民医院请求支援！！ 不止是武汉，我们宜城一样的困难，科室的医生护士没有护目镜隔离衣，就相当于肉搏，医护人员防护到位才能更好的为病患服务，请求社会支援共渡难关！????,0
调用全国的防护用品支援湖北重灾区，其他地区的除上班族需要使用外，大家尽量少出门少消耗防护用品，过几天防护用品就会大量生产出来了。,1
武汉加油，中国加油，我相信我们的祖国会把病魔给战胜。,1
今日的伤疤，终将成为我们最坚固的铠甲，不能将我们击垮的，也必将使我们更强大。愈挫愈勇，逆风前行，加油！[加油],1
：希望武汉及国人早日康复！,1
：顶我上去！由于很多疑似携带病毒人员已提前离汉，造成疾病的不断蔓延。现在应该发动中国移动、中国联通和中国电信从技术层面对12月、1月份前往武汉的全部人员的轨迹及时筛选，排查其自身活动范围和密切接触者，是不是可以有效缩小范围，给全国防控减轻压力，及时隔离疑似患者并控制疫情！请支持转发！,1
：现在几乎可以宣布停止一切社会活动，动员全国人民，集全国力量集中对抗肺炎。希望我们现在所走的每一步都走在疫情蔓延的前头而不是跟着它跑。,1
：能不能别空投武汉人来杭州了，很同情武汉人的遭遇，浙江人捐款捐物从来不含糊，最好的医护也已经支援武汉，面积最小却是第三疫区，医疗压力巨大，空投病毒到我省浙江人民何其无辜？浙江人的命不是命吗？请给个说法，公平对待全国人民，怎么专挑我们浙江欺负！！！,0
我最敬佩的四种人。一，护国之兵。二，治病之医。三，育人之师。四，良善之民。 团结就是力量，中国加油。,1
那么初中高中呢？这些学生也需要安全保障,0
关麻将馆！！禁止办酒席！！关麻将馆！！禁止办酒席！！关麻将馆！！禁止办酒席！！求求了！！特别是县城乡镇！,0
终于关注到周边城市了,1
提醒一下大家，如果一直在家，出现浑身乏力和头晕，不要过分紧张。因为这是长时间躺床上刷手机造成的！ 可以试着翻个身，也可以去客厅散散心。还有体温升高一点点，把空调关了试试，别闷着了。终于到了啥也不干在家躺着就能给社会做贡献的时候了！大家都好好呆着、不要乱跑添乱（既心酸又无奈）,1
建议全国延迟开学时间！！建议全国延迟开学时间！！建议全国延迟开学时间！！建议全国延迟开学时间！！建议全国延迟开学时间！！建议全国延迟开学时间！！建议全国延迟开学时间！一旦开学又是人口集中 就不怕出现大规模的群体感染吗？今年注定是一个特殊年，我们要团结起来共渡难关！,1
希望是这样，但是我还是建议一些专家实事求是，不要说这些带有猜测性的话，容易让人误以为正月十五以后可以放松警惕，当初英国某大学预计有2000人被感染，国家卫健委的专家说不实，现在看来2000确实被低估了。,0
中央捐武汉十亿，浙江一个省就捐十亿，捐物资捐钱从没缺席过，大量顶尖医生支援武汉，阿里巴巴大量捐款和输送口罩，结果杭州换来一天三波空投[作揖]拒绝空投！！！受不了这个委屈！！,0
问题是这个比SARS传染快的,0
“只要祖国需要，随时可以出发” 致敬英雄！,1
“在大家都期待超级英雄的降临时，是一个又一个普通人把自己的所能拼凑起来，然后才有了划破黑夜的光亮。”,1
天呐[泪][泪]什么是信仰，这就是信仰！！哭了,1
在农村，当官的说话比儿子都好使，真的希望zf多派人手到乡村做好宣传工作，求求了。你的一个举动造福的可是一个村庄好几千人的命运. 春节年年有，不差今年，农村人的心态真是好到爆炸。,0
毕竟湖北省委，武汉市委真的是烂透了，没有能力，收不了摊子了，交给军方，交给中央才放心。,0
浙江为什么一下子红了心里没点数吗,0
湖北省的某些领导真的太不作为了，春晚沈腾的小品真的讽刺的好,0
延迟开学的硬性规定求你了[跪了]有些地方小经常偷偷提前开学 本高三初六开学[跪了]我家这边已经确诊两例了 还有大量从武汉涌入的人员 我怕死 我想活着高考[泪],0
那些步数排行榜前几的，我希望你们是在家里的跑步机上刷的。不聚众、少串门；勤洗手、戴口罩！一起加油！,1
一场病毒，尽显人性。各种各样的大V，粉墨登场，占据话题评论，只为赚钱。…,0
随着潜伏期的过去  感染的人会越来越多  不要惊慌  相信中央  我们做好自己该做的 别造谣  特殊时期 你就算是个人了,1
期待更多的好消息 一起加油[心][心],1
关注一下湛江吧！18线小城市，医疗水平远远比不上大城市，一堆武汉人开车去海南不让进都滞留在湛江了，湛江人也怕[泪],0
迟开学和上班，刻不容缓，真的，求求了,0
希望广东封城！！年后会一大批返工的人，那时候爆发后真控制不住,0
广东真惨，好多小城市都有病例了……热评能不能别刷别省的了？我们这边也很严重了好吗？,0
请问重庆市政府会抄作业吗？病人【性别】【年龄】【几日来渝】【几日出现症状】【几日就医】【几日确诊】【在何处确诊】【去过哪些地方】【目前症状如何】会写吗？市长热线打不通，卫健委让找政府，多次因为宠外地游客C位出道的网红重庆市政府也短暂地爱一下重庆人民吧??,0
卧槽 越来越多了,0
重庆的买不到口罩！买不到口罩！买不到口罩！！！,0
刚才看直播 湖北省省长说 口罩生产了108亿个 然后旁边有人递了个小纸条 他看了下说 不好意思我口误了 不是108亿 是18亿…他到底在干什么！有没有真的在了解疫情啊！,0
能不能查查红十字会   不查怎么救武汉！ 一线那么急需物资 再这样下去 就算全世界都捐了 武汉医院还是急需物资[泪],0
微博热搜怎么是双黄连，武汉红十字会没人看一下吗，不考虑查一查，这病毒什么时候才是个头啊,0
请中央严查红十字！！！世界各地的人都在给武汉捐款，如同寿光人民给武汉捐献蔬菜一样。 可是，蔬菜进了武汉，就走丢了。,0
：比疫情更可怕的是人心！ 灾难之下，最见人性， 病毒面前，透视人心。 疫情不可怕， 有些人心才是真正的可怕！,0
红十字会不查，全国网友不放，红十字会作风这么差，怎么救武汉[微笑],0
：红十字会把钱和物资吐出来吐出来吐出来！！！！！,0
专家说双黄连口服液管用  你们一秒抢光了  专家说不出门  你们咋就跟聋了似的,0
你作为权威媒体，发布没有论断的消息，导致大量国人哄抢，属于媒体误导，你需要出来道歉。,0
没有临床数据的双黄连   一夜断货   这是安慰剂吗 ？还是带货呢？,0
别的不说了，舆论压力给够了，只希望中央尽快整顿红十字会，前线医生能尽快拿到物资? 其他的等政府秋后算账吧?,1
红十字会带n95的口罩，一线医护人员带一次性口罩，真他妈讽刺,0
来说说红十字会吧 多么痛的领悟 我去你?? 真的怒了,0
红会仓库：失火预定,0
疫情期间，人心比病毒还要难防。希望防护服被撕破而感染的那位医生尽快好起来。,1
一边是巨大的救助需求，一边是繁冗低效的救助行动，其间夹杂着各类疑似腐败的猜测，和中国人慈善愿望日渐强烈的背景。身为人道主义工作的社会救助团体，红会却表现得像圆滑的官僚主义者。,0
红会直播发物资啊，建火神山那么大个医院都能24小时不间断直播，发布会能直播，发物资来直播啊，给你涨涨粉，看看仓库，来，让我们看看仓库啊。别是三天时间给你们让你们从家往仓库还啊。,0
协和是三级甲等，协和不配拥有物资吗？？？？？？？？？？？？？,0
我国全国动员决战疫情，上万大军废寝忘食，竭力奋战，医护无一不向前，工人无一不尽力，方才抑制疫情嚣张气焰；而后勤周转不利、效率低下、拖拖拉拉，致使开战许久，前线大军武器装备还在紧缺，士兵百姓难保自身。决战之际，让大军、百姓落得如此绝境，皆你之过也！如此弥天大罪，你岂能担当得起？？！,0
讨论这种谁易感，谁不易感，又什么用的，到底。之前说的不是都推翻了么？给点心思去处理实事吧，亲。,0
：来晚了还能有人看到我吗[悲伤]，这些物资是通过我们和物流伙伴开通的菜鸟绿色通道直达的医院，感谢所有为此昼夜不停的物流铁军们！武汉[心]我们来了！,1
时间就是生命，战“疫”路上，我们马不停蹄！,1
：红会不查，以后谁还敢捐款啊，本来一包方便面都可以公示，做不到干净就别怪社会质疑！！！,0
为什么捐那么多医用物资 武汉一线白衣天使使用的防护用品还是缺？建议彻查武汉红十字会,0
我这几日天天看新闻最大的疑惑？一边是一线人员弹尽粮绝，一边是各方支援慷慨振奋，可是，东西呢？全中国的援助不够一个城市用？,0
人民出钱又出力，贪官背后笑嘻嘻。可怜人民傻白甜，红会还我血汗钱！,0
拜托把n95留给一些医护人员,1
大家一定要重视这个问题，每天捐的那么多口罩防护服，还是很多医院说物资不足，那捐的物资到底上哪里去了？？物资到底在谁的手中发放？？一个医院拿到的物资就几百几千个？？建议捐赠物资的车直接一车一车拉到医院门口去，由医院负责人直接拿走，不要再由他人经手，加紧落实物资发放问题！,0
疫情就是照妖镜 ，国难当头不知死；  地方政府不作为 ，国家收拾烂摊子； 物资分配不准说， 外地医生不怕事； 一线医生没物资， 莆田医院一大堆； 七十周年国自强， 一群蛀虫寒了心。,0
前阵子就说了，希望让政府直接开一个直播间通道，捐赠直达，你看看捐红十字会就这?红十字戴N95，一线医生戴啥? 赶紧公布看看钱去哪了? 都给了赵海山了?,0
央视直播被红十字会保安掐断了，1200W在线群众，我真的服了，震撼我全家 ??。点我上去,0
：我们骂归骂。但要明白骂不是目的，解决问题才是。毕竟是自己生活的地方，没有人比这片土地上的人民更希望这片土地好。如果只骂就背离初衷了。怎么改怎么变好才是关键。,1
青菜一斤20块钱，猪肉一斤30几块钱。这个时候物价这么高，全国人民还卯足劲的支援武汉，然后他们就干这种事。湖北、武汉、红十会……懒的说了，太失望了。,0
那些说刷车牌很烦的，相关热搜撤的一干二净，如果连这点都不坚持，你看，那些狗官又该多得瑟，骂故宫大G不能刷 骂野味不能刷 骂海鲜市场余甜不能刷 骂车牌不能刷 骂红十不能刷……是什么都不能刷，问题是什么都没解决啊。十年一轮回，大家再一次忘的一干二净。你看，大家多健忘。,0
啥也不说了，中国加油，向天祈福，尽我们所能去支援全国各地的医护人员，让我们团结在一起做他们的坚强后盾，愿疫情早日过去 [心],1
别呼吁了好吗？就算我们全国人民都不用，N95也到不了一线医护的手上。你品，你仔细的品,0
真的不要聚餐了。另外，这个特殊时期能不能不要刷屏啊？影响到别人看到正确的新闻了，别人只要点开你们这个评论发现都是刷屏的，别人就不会去关注新闻本身。能不能不要占用公用资源？实在不行就去投诉呀！ 没人拦着你们。,0
“这次肺炎以及黄冈卫健委主任唐志红被免职”告诉我们一个非常深刻的道理，以后干部的选拔一定要专业人员管理专业的领域。如果再拿一群职业官僚来跨行业管理医疗卫生、证监会或者是教育，简直就是为日后发生大灾难时瞎指挥埋下伏笔！[拜拜],0
确诊破万，加上疑似，还有很多“没条件确诊”的，一起算简直是天文数字。。,0
[泪][泪]为什么总在增长,0
每天好痛苦，看这数据增长…,0
：一般剧情就是前三十集经过各种苦难后十集开挂人生凤凰涅，不怕我们拿的猪脚剧本，稳住，[加油]我们能赢,1
一定会！万事开头难，我们加油！武汉加油！中国加油！,1
西新余第四医院14名职工确诊新型肺炎，江西新余告急，大家看看江西吧，新余医务人员都用雨衣做防护服了！！！！,0
辛苦了 钟老,1
：本来很好处理的一事儿，可是就是有这么部分人不怕事儿大，本来就在疫区发还乱跑。这也就导致其过程接触更多的人，就会产生2代3代传染。虽然现在国家有这么多措施在进行，但是大多数地区是做不到的。因为这事很多需要物资人没有获取到应有的物资，也就加大了工作的困难度。,0
上联:火神山，雷神山，钟南山，三山齐聚克难关 。下联:国内捐，海外捐，李兰娟，众捐纷来达通途。横批:武汉必胜,1
中国速度都是这些人拼命换来的,1
只想看到更多的治K新闻，看到不缺口罩不缺物资的新闻！去他的红十字评论和去他的各种吃人饭不干人事,0
忍不住的眼泪好心痛，为你们致敬，伟大的医务人员[心],1
加油！共渡难关,1
：红十字就是滑天下之大G,0
怨不得人民如此愤怒 大家只想在一线的所有英雄们不被辜负,1
致敬一线医护工作人员！是你们让我们看到希望！,1
想要中国经济好，湖北政委先下倒，想要中国经济强，湖北红十去它娘。,0
1.有的人是真的想让国家重视这个事并解决。2.有的人只想蹭热度，不关心事件本身和其他每一条新闻。3.公知和有心人故意的。4.被公知带偏的大众跟着故意的。5.装好人带偏。与物资和医护人员无关，希望大家坚守住我们的1发声，提防2345，让上面看到我们真正的意愿。,0
红十字会真的对不起一线的工作人员,0
一个也不许少！都平安??,1
：能不能把隐瞒病情和武汉接触史的人加入征信黑名单，惩处力度不够，永远叫不醒这帮装自己没病的人，尤其是自己有病看不得别人好的。,0
向所有奋战在与病毒战斗一线的人们致敬。,1
对于瞒报的和不配合隔离的能否让他们自费医疗？,0
“传染病这事儿是这样的，100个人里面80个人严防死守，18个人无所谓，2个人到处作，这2个人就会通过18个人让80个人努力白费。”,0
怎么解决民用口罩问题，淘宝不发货或者没货，药店完全买不到或者被征收了，又说要我们带口罩，又不给我们买口罩，相信很多人再过四五天都是要上班的，到时候没口罩，怎么办？请问是想更多人被感染吗 ？唉 [跪了],0
：这几天各地都陆续上班了，可是口罩却买不到[泪],0
这个病毒也太贼了吧，看不见摸不着也就算了，现在还搞个无症状传染[怒],0
莫名的伤感 以后  再也不抱怨交通拥堵了 那才是繁华大道 再也不嫌弃人潮涌动了 那才是国泰民安  愿山河无恙  人间皆安 ????,1
个，我提一个建议，因为很多人会对橡胶有过敏现象，建议可以手上先戴一个一次性医用PE手套，再带一层橡胶手套，这样虽然也出汗，但是真的比直接戴橡胶手套要舒服很多！一个常年在新药研发实验室工作的人的一点点小经验！希望可以帮到医护人员！,1
太辛苦了！！！一定要注意身体啊,1
致敬医护人员,1
希望所有的患者都能被收治,1
希望疫情不要再扩散了，武汉加油,1
我觉得我大山东这次针对疫情处理真的很棒，也有明显的控制，每天都会发好几个短信 除了提醒防疫还有水果粮油面价格,1
我只想说医护人员真的真的辛苦了！！！！感恩！！！！！,1
致敬所有逆行者！我不知你们来自哪里，但我知道你们为了谁。我不知道你们每一个人的名字，但你们有一个共同的名字“逆行英雄”。你们辛苦了，因为有你们，我相信胜利就在在前方。加油！！！！,1
真的不止这么多，在网上看到那么多求助无门的患者真的挺心酸…,0
：坐标武汉，我爷爷奶奶74岁了双肺感染发烧多天，今天去医院医生说没有名额做核酸检测了，没有检测就住不了院。实在是走头无路了，社区说‘国家都没办法解决，我们怎么解决’,0
老百姓没有口罩,0
希望言出必行！每个人的生命都很珍贵！中国加油！,1
发国难财的人 希望病魔缠身早日战胜你[微笑],0
红十字会的钱吐出来没有？,0
发国难财的有命花吗？？？？,0
都花了多少钱了 就不能把吃野味写入刑法吗？操他大爷的 全国经济都拖累了,0
病毒我求求你赶紧走吧！！大家还要上班上学呢！,0
买不到口罩的举手??,0
有人负重前行，有“鬼”拖人后腿,0
中国速度[赞][赞][赞][赞]中国加油 中国必胜！,1
医护人员真的真的辛苦了！！！！感恩！！！！你们值得每一份美好！！！！,1
感谢各省同胞支援，武汉人民感谢你们，疫情重区的冬天，因为有你们，很温暖。这几天看到各省同胞支援的消息真的超级感动。等我们好了，欢迎各省同胞来看看，我们带你们去吃油焖大虾，热干面，去逛江滩，坐轮渡，去看看江湖人间烟火气。我们会乖乖呆在家里，绝不给社会添麻烦,1
评论的人有点脑子，张主任是最早发现病人与海鲜市场有关联，及时判断可能是类似sars一样的传染病并且上报给疾控的人，其他人只是获知了这个结果而已。孰轻孰重都不知道吗？你们这样刷其他人好像真正专业医生的判断很无所谓一样，能不能先对张医生的贡献表示肯定，一点都不尊重人。,0
金银潭最先救治病人啊  评论区没法看 不能好好感谢人家一下嘛,0
：好好看时间线，本来就是这两位医生最先发现并上报，后面才有那8个人，院长身患渐冻人症，妻子患了新冠，还一直奋斗在抗疫第一线，这记功名副其实，怎么就成了别人的功？还领导抢功？前几天张院长上热搜不一个个说感动泪目吗，现在换了热搜不认识了？不看内容瞎喷瞎带节奏可还行,0
谢谢最可爱最可敬的院长，您辛苦了！还有所有一线医护工作者，您们辛苦了！,1
这个医生是12月26号发现然后上报的，不过看了评论我真想告诉他，学医救不了中国，只有营销才能拯救宇宙,0
：一发现就上报，可是上级单位又是怎么做的呢，唉，白白耽误这么多时间！只希望疫情早点结束！加油！,0
我一个口罩恨不得用两个礼拜呢，你居然告诉我要扔的垃圾桶[摊手],0
羡慕那些有口罩可以丢的,0
又让酒精消毒，又让戴口罩，但是政府又管控全供给给一线。有意思吗？,0
现在真是害怕，总觉得出去一次就会被传染，然后算天数，数数潜伏期过了没有[笑cry][笑cry][笑cry]，太害怕了,0
我不知道你们是不是的 我先敲门 我爸开门 领这个喷壶 里面是酒精 然后就全身喷 喷完身上进家门 喷鞋底 鞋底喷完喷刚刚踩过的地方 然后我爸帮我打开水龙头帮我按洗手液洗手 之前我爸手机永远在手里 现在酒精喷壶一直在他手里。。。搞伤了,1
别说那没用的     现在哪个老百姓能做到出一次门换一次口罩啊    一个口罩都得使一星期   酒精也不够用,0
我楼上的人疯狂咳嗽……我们这栋有感染的人，开窗通风会有影响吧[跪了],0
外折口罩，扎紧放入垃圾桶，然后就没有口罩了，也买不到，怎么办？,0
沉痛悼念李文亮医生,1
李文亮医生平反！,1
有的人离开，会被人铭记，有的人离开，会推动进步，有的人离开，会被人致敬，我想，李医生就是这样的人，李医生，敢医敢言，医者典范。,1
讨厌2020年，它带走了多少美好的生命[泪][泪],0
这真的是好人不长命！坏人留千年,0
向用生命预警的李医生，致敬！！,1
欠李文亮医生一个道歉,0
人间欠李文亮医生一个公道[泪]走好,0
：然后奇迹没有发生，平凡的李文亮先生就这样离开了我们，他生病也没有放弃一线的工作，今夜我们在手机前也时刻的关注，然而上天还是从人间接走了它喜欢的人，在远方的我也只能流着泪去祝福，但是人间仍需善良与勇敢，我想，这大概就是李文亮先生留给我们最伟大的遗产。,1
好难过。。。[泪],0
到底还是没有奇迹[泪],0
誓入武汉终不悔 来生还做湖北人????,1
请问“国家赔偿法”有没有名誉赔偿？如果有，我愿意成为吹哨人02号！如果尖锐的批评完全消失，温和的批评将会变得刺耳。如果温和的批评也不被允许，沉默将被认为居心叵测。如果沉默也不再允许，赞扬不够卖力将是一种罪行。如果只允许一种声音存在，那么，唯一存在的那个声音就是谎言！ ???,0
不搞五大诉求 拒绝颜色革命 拒绝任何分裂祖国的言论 我发声是为了让它变得更好 不是希望它被破坏  不要成为敌人的枪 不要成为刺向自己人的那一把剑 ???,1
现在各路牛鬼蛇神都跑出来了，带节奏带的飞起。需要检讨需要反思需要行动，但有些人妄想分裂我的祖国[微笑]我告诉你，你坟头长草不可能都见到这种事,1
：把抢救全过程公示出来。我们看不懂不要紧，还有那么多医生能看懂，看看你们是真正抢救还是为了领导为了舆论作秀！！！！！,0
：老实说，我不太相信你给的数字，毕竟你连一个人的死亡时间都可以欺瞒了[微笑],0
一夜无眠[微笑]。,0
：从统计角度武汉的数据已经没意义了。好比胖子上秤，数据不是真实体重而是秤的最大值,0
希望接下来的日子都是好消息，中国加油…,1
在内心瑟瑟发抖中，等待最终高峰期的到来。,0
我也很费解，我希望接下来是好消息，也没有鼓吹什么，或者夸奖什么，只是个美好的祈祷，难道他们不希望后来一切都好吗？？？,1
医护不够啊,0
医生太辛苦了,1
多么理所应当，又多么困难重重,0
希望好消息越来越多！！加油！！,1
都是在靠自愈能力而已… 心疼老人家 他们一把年纪了还要受苦[泪],0
正确的，让重症病人呆在医院，轻症病人暂时在方舱医院，这样医疗资源才不会浪费,1
轻症患者集中治疗，减少资源消耗。而最好的医疗条件留给重症和危重症，来减少死亡率。希望大家基本的阅读理解是具备的。[吃瓜],1
揪心！！！,0
当初说谎的专家和官员真是造孽呀！,0
飞沫，接触，粪口，到现在母婴了，也不知道当时“有限人传人”这个结论是怎么得出的？,0
辛苦了 每天夜以继日,1
感谢奋战在疫区一线的医务人员，人民警察，防疫人员，人民子弟兵，夜以继日工作的火神山医院工程建设者，放弃休假连续加班的口罩厂员工！ 我们在过年，这群人在帮我们过关。隔离病毒，绝不是隔离爱。14亿人万众一心、众志成城，就没有我们过不去的坎！武汉加油！中国加油！,1
我们这边不戴口罩都不让你出小区了,1
不过总有人觉得见自己家人不算聚餐,0
给你们看看！！这是我的祖国！！这是中国????！！！！！！,1
鼻子一下就酸了[泪]，最棒的天使们一定都要平平安安的，一起打赢这场病毒战[心][心],1
感恩。希望早日战胜疫情，英雄们平安回家,1
感觉钟老突然老了很多…钟老保重身体啊！！！,1
钟老，辛苦了！,1
拒绝任何野味！,1
孝感加油[泪][泪],1
人固有一死，或重于泰山，或轻于鸿毛，愿在天之灵可得安息！,1
命运不该如此，痛心,0
这一世辛苦你了[心],0
心累了………,0
湖北省外的数据持续稳定向好。,1
：湖北以外的地区基本控制住了。,1
哎 ，赶紧好起来吧??????????,1
原来，国泰民安就是车水马龙人声鼎沸。原来，幸福就是想上班就上班，想吃火锅就吃火锅。 让我们等待武汉，也等待全国，等到春暖花开，我们再一起看车水马龙,1
李文亮是英雄，两名基层办案民警同样也是恪尽职守 。,1
：这个世界让他受委屈了！让老实人受委屈了！,0
期待着真挚的道歉,1
请求电视滚动播放，联通电信移动发短信，加强中老年防护意识，让大家都重视起来，有症状及时就医，不要抱侥幸心理!!!,1
非常时期，用非常手段。 政府兜底疫情医疗费用，打消了潜在患者的后顾之忧，值得点赞??,1
麻烦你台新闻联播把这个疫情上升一下好吧，今天的新闻50分钟，这个疫情才占了2分钟，还是7点半以后呢,0
为什么病例都出现在大城市？春节务工返乡的人那么多，小县城是否具备检测条件？,0
我们十八线小县城具不具备检测条件啊??能不能重视一下??紧张死了??,0
台湾那个真是奇才???不顾生死也要带病毒入台??真是可歌可泣 做到了解放台湾,0
每条大街小巷，每个人的嘴里，见面第一句话，就是“记得戴口罩” ???,1
竟然还有人认为吃野味没事，当年非典也是因为吃野味传染的啊，那么多鸡鸭鹅牛羊猪不够吃吗？我就开麦?? 死吃野味的憨批,0
呼吁！现在能不到武汉去就不去，武汉人能不出来就不出来 非常时期 非常手段,1
很多人都不知道情况，跟他们普及也听不进去，觉得小题大做，电视多做普及吧，起码引起重视！又逢春运，人流密集，再不重视，不提前预防，更是让人担忧！！！,0
虽然能理解…但还是奉劝近期曾到过武汉的朋友们别到处乱跑…我只能在屏幕前发出好无力的感慨 并买口罩积极预防…医护人员辛苦,0
大家影院别去了，亲戚家也别去了，就在家看春晚吧。也希望春晚现场的观众和舞台上的人员要做好措施，健康重要。,1
武汉，封城！2020年1月23日。??????我们永远记住这一天，武汉已经向全世界展现出来最大的社会责任感！封城！祈祷平安???,1
我爸说，你别制造恐慌了。咱们这儿都没消毒，村里也没通知，你这是造谣，小心把你抓起来…请求下达村里的通知，分发宣传手册,0
我在家已经彻底迷茫了 我不知道我应该做什么 我也不知道我能干嘛 .？ 东西要去哪里抢 要准备什么 .？我彻底晕了 封城之后呢 我也想去当志愿者 奋斗在第一线 可是我没有任何医学经验 有心无力 我能做什么.？只能在家待着不给医护人员添乱吗 我真的好晕 完全傻了 又压抑又迷茫,0
每一个人出门都要戴口罩，任何人都不要有侥幸心理，哪怕你所在的城市是18线，哪怕你所在的城市还没有病例，哪怕你觉得自己不会这么倒霉被传染。现在是春运期间人口流动非常大，但是你永远不会知道走在你身边的路人从哪里来，接触什么人。,1
最怕看到首例和新增两个词了,0
我是希望所有电影有撤档的，谢谢谢谢！ 这些电影都是想去电影院看的，但现在也是绝对不是现在，后会有期！,1
不是能因为是小孩年轻人就不注意防范，最小被隔离年龄为10岁????尽量减少不必要的外出，如需外出必须佩戴口罩????多多劝告家里人尤其是老人，因为他们是易感体质????最好不要走亲戚，广东家庭聚集性肺炎还不够引起重视吗????保护自己，珍爱生命??????,1
麻烦让江西下达戴口罩！！！街上根本没多少人戴！！！家里人死都不戴！！！他们不怕死我挺怕死的,0
劝大家春节期间千万别带家人去电影院了，那里密不透风，一坐就是两个小时，即使票退不了也不不要去，健康重要啊，也给医护人员减轻负担，也谢谢一线的记者朋友们。都辛苦了,1
应该呼吁大家，不要随便乱扔口罩，因为大量丢弃的废口罩会造成严重污染，丢弃前应该剪碎撕碎，又可以防止被黑心商贩二次贩卖（毕竟口罩短缺），放到专门垃圾桶或者垃圾袋丢弃。这么多人用口罩，量一定很大，这个问题大家可以注意一下，防范于未然,1
果您来自疫区，您曾到过武汉，或接触过从武汉回来者，尽量不去接触别人，持续观察自己的健康状况14天！请自觉居家观察14天！这是一种觉悟，更是一种责任，也关乎您和您家人的健康！谢谢您！,1
安徽人民真的重视度不够，街上几乎看不到戴口罩的，尤其是中老年人,0
安徽能不能把详细情况公布出来，什么时候回到安徽 ，发病情况，患者年龄！别藏着掖着了！,0
"请把""离武汉远点！待在武汉别出来！""换成""武汉加油！武汉挺住！""在武汉的群众希望待在当地，有感染特征及时接受检查！我们有一个共同的名字叫""中国人！""????",1
就算传染到你的概率只有万分之一，但是一旦传染到了你了，对你来就是百分之百，这种特殊情况面前，不要再有侥幸心理,1
有没有人和我一样，一看相关新闻就觉得自己哪哪都像得病了[允悲]，嗓子好像也疼了，体温好像也高了，呼吸都不顺畅，就连走路都好像没力气了呢,0
在新型肺炎面前，不管它是否严重，我们也应该阻止它传播，我们的不怕死行为（不戴口罩、去人员密集的地方等），是对医护人员最大的伤害，每增加一位疑似感染者，就对医护人员增加一分伤害，我们会把医护人员慢慢推向死亡。不戴口罩其实是一种谋杀医护人员行为...请大家挺住！一起加油！,1
求求了能不能号召一下今年不要走亲戚了啊 大家每年都见面真的不差这一年 老一辈信息闭塞几乎没有防范措施 可不可以一级一级下发点文件什么的通知一下，下发到具体乡镇那种！,0
一名武汉待产的孕妇，还有一两个星期的预产期，产检也不敢去医院做。我妈还劝说要去别的地方生。我拦住了我妈。。不给其他地方添麻烦，老老实实待在武汉。希望赶快能好吧。??????（嘴下留情，别说我妈。感恩）,1
清晨醒来，武汉封城， 微博上看到一句回复： “我的城市生病了， 但是我们会治好她， 还是欢迎您以后再来武汉” ?  鼻子一酸，没忍住…… ??? 辽宁也一样  加油！,1
非典的时候太小根本什么都不懂 现在真的怕死了,0
如果你是从武汉回来的，或接触过从武汉回来的人，请老老实实待着，尽量不要去接触别人，及时关注自己有没有发烧，干咳，乏力，如果有及时去医院。 这不是针对你，这是一种觉悟，更是一种责任，更是为了你的家人、朋友、还有整个国家！,1
上联：福建福州福清福鼎福安五福临门，??下联：永安惠安南安诏安华安四季平安。??横批：长乐顺昌??????,1
突然想到大年初一之后全国各地都有很多庙会……持续到元宵节 …… 可以管控一下吗…… 不要再进行大型庙会人口聚集了！！！,0
武汉开始封城，那些爱吃野味的就该滚出中国，就不会有这么多麻烦事了,0
不知道其他地方，在福建的街上一片祥和，不要说中老年没一个戴口罩，就连年轻人戴的也不多，与微博气氛截然不同,0
不要走亲戚了好不好！能不能发文件到乡镇和农村！！！！！！好多乡下人不知道啊啊,0
今年过年不串门， 不串门呀不串门。 串门只串自家门， 客厅门，卧室门，厨房门，厕所门。 鼠年拜年不用跑， 至爱亲朋网上聊， 武汉疫情重灾区， 预防感染最重要！ 公园商场不用逛， 电视机前看报导。 一天到晚三件事， 吃饭睡觉网上聊。 今年过个特色年， 预祝大家新年好！,1
一位武汉朋友的朋友圈：??这绝非是一个容易的决定??这是一个极其艰难宛如壮士断腕的决定??这不是一个“早该如此”的冷眼旁观??但也不是一个“草木皆兵”的恐怖宣召??这是一场需要团结、自觉、勇气和毅力的战争??愿每个人都能平安健康??愿所有医护工作者都能平安健康??向你们致以最崇高的敬意,1
土生土长的武汉人，从没想过要离开，19年因宝宝健康问题忍痛24周引产，如今好不容易再次怀孕18周+，上周刚做完羊水穿刺，却遇到这事，唯一能做的就是待在家里，希望我的小芝麻宝贝能和妈妈一起，和全国人民一起，安全度过这次劫难，妈妈不能再失去你了，加油,1
可不可以推迟大学生开学，开学之后学生就要到祖国各地上学，肯定又是新一轮校园爆发高峰期,0
还看到一个女的发烧吃退烧药企图暂时降温过关去法国，结果被举报了，一到法国就被带走隔离了！！！所以，靠自觉是没用的，就得强制封城！！！,0
目前最想看到的一则新闻：新型冠状病毒成功得到控制 再无人员感染 所有医护人员平安,1
对于趁火打劫，哄抬物价，发国难财的商家，经销商，零售商，就应该让他们倾家荡产，达到他们怀疑人生，小幅上涨还能接受，几倍，几十倍的涨价就太过分了，直接把这群人送疫区去吧,1
希望武汉的物资保障做到位 健健康康过个年 加油能抗过去的,1
2003年非典，全世界守护90后，2020年，换90后守护这个世界。 ?,1
我的城市生病了，但是我们会治好他，希望你们不要再骂他了,1
很多都是年龄大点的，他们免疫力差，所以一定要长辈们重视起来！年轻人一定不要放松警惕！,1
我是武汉人 而且家里海鲜市场很近 首先，很抱歉病毒从武汉扩散出去 在新春佳节之际让全国各地惶恐不安 ，使各地人民生命安全受到威胁 我们尊重国家做出的任何决定！我代表我个人向你们说声抱歉！最后希望各地人民可以共同抵御病魔，挺过难关????,1
如果“你”没有吃野味，我本可高兴到处串门，瞎溜达，买杯奶茶进电影院。但“你”吃了不该吃的东西，计划去长城的人不去了，想看电影的人止步了...而我只能在家频繁看淘宝口罩到哪了，只能刷微博看着死亡人数增长却无能为力。恐惧萦绕氛围依然十足的新年。我该做些什么？我能做些什么？我只能祈祷。,0
看新闻里，重症患者拉着医生的手说，我是不是快要死了，听见这句话真的太难受了，在疾病面前，人类真渺小,0
封城肯定对很多人的生活带来不便，希望你们能够挺过这段困难时期。感谢武汉政府和人民为防止疫情扩散做出的努力。??如今大难当头，全国一盘棋，坚决配合政府的一切措施，打赢这场没有硝烟的战争，武汉加油！??所有在一线的医护人员辛苦了！祝大家平安！天佑中华！,1
真的要委屈武汉人民了 非常时期非常对待 相信国家相信中国的医生 我们一定能挺过去 武汉加油！！,1
看到武汉的小哥哥小姐姐的微博，我真的哭了，他们说，觉得很无助，很孤立无援的感觉，很难过，但是。封城绝不等于放弃！！！！都会好的！！！！！！,1
这个星期才确诊传染，你他妈之前封城用什么理由，“哦你这里有人不知道为什么得了新病毒，传不传染我不知道，但是说不定你会传染呢，你不能走必须就在湖北”你看是你封的快还是百姓闹得快。（到现在乡底下的很多百姓都觉得不严重，这才是最可怕的，因为他们根本不理解你们的行为）,0
不要关心哪一个省有 哪一个省没有了 希望政府部门可以采取一点措施 武汉的同胞不是中国人吗？ 武汉有多少人没有医院可以看病 医院不收纳新病人 才有人来到外地看病的情况 当地政府没有作为 北京SARS期间 8天修起一所可以容纳5000人的医院 现在为什么不可以,0
中国永远有一些人冲在前面保护着，向你们致敬,1
1.18出来探亲……真的还有人欢迎武汉地区的人来自己家探亲吗？？？？有什么亲情明年再叙不成吗？？？？是探亲还是索命来了，搞笑,0
强烈要求严查湖北上下官员失职渎职不作为的情况，现在感染源都扩散到全国了，官员们还有闲心开晚会，医生护士连防护都不足，拿什么抢救病人？拿什么保护自己？为什么湖北严重到这个程度，措施还比不上隔壁河南？同样的政策别人十二月都出了，湖北在干什么？,0
但求全国大学也推迟开学吧??????，我在北京瑟瑟发抖……都要撑住！加油??！！打赢这场没有硝烟的战争！！！,0
刚开始不够重视，现在呢？半个中国遭殃！希望中央严厉问责个别官员！,0
政策很好，但是存在的问题是不应该是明天开始退的人，而是1.24以后所有的火车票机票都应该给按照原价退，都是一趟车，不能因为早退晚退存在的差异的啊。 ???,1
我先骂 尘归尘，土归土，医闹不配有父母 别人在家过除夕，医闹棺材过头七 ?。医闹人员真是贱，别人快乐迎新年，他在牢里寻短见。桥归桥，路归路，楚人罹难当一哭。我观襄王怀情思，楚宫依旧漫歌舞。嘉树早凋秋兰疏，水载舟行去何处，楚江脉脉还似诉。,0
扪心自问，这真的是华南市场的问题嘛？！不知道全国还有多少个类似华南市场这样卖野味的地方？为什么国家相关部门不会吸取03年非典的教训，明明知道野生动物不能吃，好要睁只眼闭只眼让它存在？！要我说，这就是政府不作为，履职不力，渎职！！！,0
“等冰雪融化了，全国人民都会去和武汉的樱花一起迎接新的春天新的盛世”你“的城市生病了，但是大家会治好她” 愿平安 愿春暖花开 一切都会好起来的,1
我觉得我们骂人要是骂武汉人太地图炮了，我知道很多武汉的病人市民们都老老实实待在家中，逃出来还他妈到处整活儿的毕竟是少数 这样，我们区分一下 我们把坚守在武汉的朋友们叫武汉人 跑出来还他妈自豪发微博到处跑的那些 我愿称之为武憨人,0
不理解那些连夜逃出武汉的。身体有病，脑子也病了吗？早发现早治疗，还免费，您乱跑除了害人害己，还能干啥？,0
某些从武汉跑出来的憨憨: 当初生病了就好好接受治疗 你是病人 又tm不是丧尸你到底瞎跑什么瞎跑,0
从非典的中间宿主果子狸，再到这次所谓吃野味导致的疫病源头，只能说历史给人的唯一教训，就是人们从未在历史中吸取过任何教训 ?,0
建议全国取消所有旅行团！！！ 外面有多少流动的潜在病毒携带者，我们不清楚，这次病毒潜伏期太长了，而且潜伏期也有传染性，还有心情放心旅游吗？不怕一万只怕万一！ 旅行社只会说没事的，没问题，请问有问题你负责吗？ 我愿意把违约金用于武汉物资方面，但不愿白给这种事不关已的人！,0
看到这条评论的人，你们都得给老子活着，都不许感染。 ???,1
抱歉占用公共资源！但是广州现在已经有聚集性病例了，花城看花这种聚集的活动还开办得如火如荼！官方一点也没有要取消的意思！这是置广州市民安全于不顾！,0
小县城怎么办啊真的好多不重视 明天还好多结婚的 真就一人感染全部遭殃呗气死我了气死我了气死我了气死我了气死我了气死我了！！！,0
请已经发烧 伴有明显症状的人马上就医?? 不要抱有侥幸心理??这是传染病 不是开玩笑的 你的一个大意就是身边人的灾难??要说多少次 吃药也是可以暂时退烧的 只有检查了 才会安心 放心 请对家人及朋友负责,1
哪有什么白衣天使，不过是一群孩子换了一身衣服，学着像前辈一样，治病救人和死神抢人罢了。,1
湖北的小县市可以重视起来吗，很多在武汉工作、上学的回来过年，因为官方报道的范围太大，无法确定所在地是否有病例，没什么人戴口罩，甚至有人不知道肺炎这件事,0
希望省里面关心一下湖北乡镇这边的疫情，好多人从武汉回家过年，农村防范意识真的差！农村过年串门很容易的，而且口罩是假的而且贵啊，给12345反映过，他们总是敷衍！12315打不通（老家湖北阳新浮屠的），请相关部门监管一下吧，不然湖北农村真的很容易出大问题啊，加油湖北,0
去医院谎报没去过武汉的好废呀，我表姐的医院昨晚来了一个说慌没去过武汉了结果ct出来毛玻璃大片肺炎，他才说实话，如果确诊，我表姐和他昨晚接触过，我表姐也得隔离观察,0
求求大家关注一下荆门伤医事件！妻子在一线感染科抗击病毒救人、同为医生的丈夫被患者多个家属暴力殴打，被逼下跪！警方通报伤人者仅仅处罚500，拘留5天！现在施暴家属正在搜索医生信息，企图二次施暴！寒了白衣天使的心，寒了人民群众的心！,0
封城前大量已经离开和正准备离开武汉的那些人，听我说几句：我理解你们赶着回去过年，可你们有没有想过假如你们携带病毒回家，这个年真的过得好吗？想法是热情的、可是病毒是无情的！遭殃的只会是你的父母、爱人、孩子和亲朋好友啊！少一个团聚年夜饭，换来的却是家人的永世平安！,1
救救孝感和孝感下面的县乡。临沂是从孝感探亲感染，孝感至今没有通报过任何疑似病例和确诊病例。孝感作为离汉口最近的地级市 作为武汉人群最大来源地和输出地，没有一例吗？究竟有没有防控到位？究竟孝感认真对待这次肺炎？我希望孝感多宣传多推广，而不是鼓励拜年。特别是乡镇，救救我们,0
武汉周边县市的病情信息也应该及时公布，现在周边很多人都没有意识到事情严重性，特别是中老年人，而且他们又是最易感染，患病后症状最强烈的群体,0
过年戴口罩，马上福气到。没事多洗手，福气跟你走。口罩的罩字是13画，福字也是13画，罩字谐音招字，有招来福气的寓意，各位家长朋友们，戴上口罩就是戴上福气，大过年的图个吉利,1
感觉武汉已经失控了，检测试纸不够用，口罩，防护设备也缺！保守估计武汉感染人数已上千人。,0
人之初 性本善 医闹都是大笨蛋 道可道 非常道 减少出行要记牢 玩归玩 闹归闹 口罩一定要戴好 急归急 怕归怕 经常洗手必须有,1
“我的城市生病了，有的人鼓励他，有的人与他共度难关，有的人痛骂他，可无论你是哪种人，等我们治好了他，还是欢迎你来武汉。”?????“希望四月武汉樱花烂漫时，它不再封城，像往年那样，千千万万人在树下看樱花，樱花在树上看遍千千万万的人。”武汉 你给我挺住了,1
增长太快了，前面不重视代价太大。每次新增病例的信息都让我感到心一揪，希望江苏能稳住，无锡千万顶住啊。灾难面前，每个人都希望有权做自己的选择，可以当英雄，但选择保命也不可耻。希望教育部能够延期开学，最主要的是停掉所有培训班。武汉加油??愿天佑我中国！,1
确实有一部分武汉本地人逃离武汉，他们很自私，作为一个武汉人，我也很鄙视他们，但是更多的武汉老百姓和我一样，囤好食物和生活必需品，在家自我隔离。我希望对于自私的武汉人，大家可以去他微博下面骂，但请不要骂“武汉人”，这样只会让全国人民都痛恨武汉，就算病好了，我们的心病却永远好不了。,0
迫切希望是官方能大范围发布消息建议取消家庭聚餐，不要人群聚集。春晚如果照常举行希望在春晚播出中拿出几分钟说明一下这件事的重要性。 ???,1
强烈建议国务院全面延长全国春节假期，最起码延长15天以上，大家各自在家隔离，避免初七集体上班造成大量人口聚集生产。如果一旦爆发疫情，后果不堪设想????,0
安徽都确诊9例了，疫情地图都快标深红色了，确诊人员具体情况不公布，宣传也不到位，家门口的大喇叭天天就知道放禁止燃放烟花爆竹不知道宣传戴口罩，官博还开评论精选。我们省紧挨着湖北，这样的态度市民真的很心慌，拜托了，写不来作业也抄抄别的省的作业把,0
别说那么多，物资跟上了么？心疼医护人员不是靠嘴说，防护资源能不能跟上！！！！,0
真的是要被气疯了！凭什么人民要担惊受怕乃至健康安全受到威胁？那些吃野味的人呢？自私自利的享受完，留下如此可怕到烂摊子。,0
这些不惧危险冲在第一线的医生护士 湖北政府领导你们对得起他们吗,0
海南发出求救信号??救救小岛吧，老人孩子多，医疗条件差，疫情爆发后海南是武汉航班输出人数最多的地方(也许没有之一)，再发展下去海南就快成为第二疫区了吧。没有别的意思，球球关注一,0
安徽作为劳务输出大省，过年务工人员大幅度回家，却没收到有关部门任何关于预防的短信与措施。,0
现在武汉集中了全国99%的目光，湖北其他的城市在这样的局面里，再一次被默认放弃了吗？有人知道黄冈鄂州仙桃等也封城了吗？这些地方甚至连通报都是语焉不详，继湖北经济全面发展武汉之后，关乎到生命，也只有武汉了吗？,0
希望政府能统一下发符合规格的口罩限人限量，防止有些商户或个人囤了一堆，而普通群众一个口罩都买不到。而且现在不是戴不戴口罩的问题而是根本买不到口罩！希望政府能先解决防护物资的问题！（尤其是偏远地区）,0
要求河北严查有无武汉接触人群！！！启动高级别预防措施！！！！！河北官方号像死了一样！！！！各个城市县镇有没有明显作为啊！！！！河北的顶一下！！！！,0
湖北神操作: 知道是海鲜市场问题，直到媒体报道了再关。 知道有人传人，但一直就说没有，直到钟南山说有。 知道有肺炎疫情，但就是当做不知道接着开四万家庭的聚餐。 知道得封城了，半夜发通知，然后上午才封，留下几小时让人四散奔逃。 知道得控制集会了，自己开个团拜会，开完了说大家都不许再聚了,0
各位领导都冒着病毒的风险出来看表演了 多敬业啊 真是与民同在，精神可嘉呀!!！,0
武汉政府当初要是把“未发现人传人”这句话改成“不排除人传人的可能”是不是也不至于发展到今天这种地步啊 ！,0
医疗物资短缺！需要医疗物资！基本保障都没有，医护人员如何上战场,0
强烈要求严查湖北上下官员失职渎职不作为的情况，现在感染源都扩散到全国了，官员们还有闲心开晚会，医生护士连防护都不足，拿什么抢救病人？拿什么保护自己？为什么湖北严重到这个程度，措施还比不上隔壁河南？同样的政策别人十二月都出了，湖北在干什么？,0
奋斗在一线的医疗人员你们辛苦了为您们点赞,1
武汉痊愈的那一天才是中国的新年！ 一起过年， 举国同庆，加油武汉中国加油,1
作为一个河北人，今年过年我们哪都不去，现在我和家人每天在家不出门，每天早上开窗保持通风，在家用酒精擦拭家里的器具消毒，密切关注最新消息，跟随正确的步伐进行防范。我一直认为这件情况这种特殊时期，只有每个人把自己保护好，才不会给社会添堵，加油河北,1
今天是除夕夜，目前最想看到的一条新闻：新型冠状病毒成功得到控制，再无人员感染，所有医护人员平安。拜托了！大家出门戴口罩，勤洗手，多喝水，多吃水果，提高免疫力，保护好自己的身体，照顾好自己和家人。,1
请加大宣传力度，?? 身边有些人还是不信，非说是卖口罩的炒作！谢谢！相信国家????武汉加油，我们不造谣、不谣传??,1
江西请你发布感染者具体情况??地址和被感染信息??不要骂一下动一下??江西请你发布感染者具体情况??地址和被感染信息??不要骂一下动一下??江西请你发布感染者具体情况??地址和被感染信息??不要骂一下动一下??江西请你发布感染者具体情况??地址和被感染信息??不要骂一下动一下??,0
我真是服了！封城之后出来的【那些奇葩】武汉人到底是咋想的？ 都这个时候了，还远离他乡往全国各地去走亲戚串门？你们的宣传这么的不到位？引起其他省市的恐慌，让人看着真生气！！,0
不得拒收？是医生想拒收吗 难道不是因为物资紧缺吗,0
武汉医院物资紧缺，医护人员告急，请先保障一线医护人员安全??,0
医生是不够用的，不要把他们当机器，保证他们上下班，吃住行问题今天看到一个医生累死我真的哭了。,0
其实武汉绝大多数人没跑，在忍受着疫区恐慌，交通停摆，物资紧缺。他们是普通人，吃野味的不是他们，欺上瞒下的也不是他们，他们只是特他妈倒霉而已。即使如此，他们仍然默默承受着……,0
武汉医院物资紧缺，医护人员告急，请先保障一线医护人员安全??武汉医院物资紧缺，医护人员告急，请先保障一线医护人员安全 ??武汉医院物资紧缺，医护人员告急，请先保障一线医护人员安全??武汉医院物资紧缺，医护人员告急，请先保障一线医护人员安全??,0
刚开始不够重视，措施不到位，现在呢？整个中国遭殃！希望中央严厉问责个别官员！,0
如果您来自疫区，您曾到过武汉，或接触过从武汉回来者，尽量不去接触别人，持续观察自己的健康状况14天！请自觉居家观察14天！这是一种觉悟，更是一种责任，也关乎您和您家人的健康！,1
现在湖北政府到底什么情况？那么多医院直接求助网友资助？这些医疗资源本该政府统一安排啊？群众能筹集多少物资呢，一个个的捐吗，自己不用吗？政府带头和企业谈啊，企业都没有的话，群众从哪里获得？平日积累？省长昨天还接受央视采访说武汉物资储备和市场供应是充足的？医生护士上下班要市民接送？,0
"亲，你这一年又一年播的没一个戴口罩的。。。能不能多播点各地防治的新闻，倡议戴口罩，不去人员密集区域的新闻？少来点全国各地百姓喜迎春节密密麻麻聚一起不戴口罩，党政机关新春团拜的新闻？我劝了父母半天，你来一句""初一半年最正式 亲朋好友需走动""，全白费了",0
农村大喇叭快点搞起来啊，就今天和明天大家一定都在家，快点搞啊，马上他们他们又要去亲戚家了,0
我今天还看到我妈妈在百度刷到视频：用过的一次性口罩不要扔，可以做成收纳/茶包等。这种的博主简直不要脸！希望大家跟家人讲明利害关系，看到随手举报。,0
野味好啊野味妙野味吃完骨灰飘；喝了一碗蝙蝠汤，火葬场里睡得香；尝了一碟穿山甲，寿衣穿的要典雅；吃了一块鳄鱼肉，地府里开个人秀；别人在家过新年，吃野味的数冥钱；今天野味吃下肚，明天就在棺材住；反正住了没人哭，因为他们没父母；尘归尘土归土 医闹不配有父母，别人在家过除夕 医闹全家过头七,0
武汉绝大多数人没跑，在忍受着疫区恐慌，交通停摆，物资紧缺。他们是普通人，吃野味的不是他们，欺上瞒下的也不是他们，他们只是特他妈倒霉而已。即使如此，他们仍然承受着。希望大家都可以平平安安的过个好年,0
四川的 一级响应还不整我服辽 八千万人神不到 还有过年走亲戚九大碗少摆了能不能 生命重要啊 卡卡角角信息闭塞 老年人也不晓得 央视能不能底端下面滚动 疫情防护的措施,0
请为医务人员提供充足的物资食物吧 我们饿点没关系 但不能让一线的战士没有抢啊！,1
武汉肺炎遇上农历春节，这是所有人都不愿意看到的。庆祝新春是中华五千年传统，春季进行新春文化的传播是理所当然也是必不可少的。与此同时，zf对于武汉肺炎防治宣传的重视也有目共睹，我们相信武汉一定能度过难关。 武汉加油，也祝大家新春快乐平安，记得戴口罩！！！！！！,1
现在电视动画片都不给我弟看了，天天放着央视新闻声音调大，不为别的就为了给爸妈听，听着听着他们就重视了，虽然我弟不开心了,1
能不能呼吁一下春晚开头把拜年的贺词都改成肺炎通报呀！家里的老人都太不重视了！说也说不听，春晚官博也关闭了评论，没法提建议！！,0
空气再好也阻止不了传播，海风再大也吹不散病情！刚路上还听到老一辈的对话都要哭了啊！思想太顽固了,0
请审核你们电视播出的稿子不指望能像微博这样播报疫情了，但别瞎说行吗？什么叫“初一拜年最正式，亲朋好友需走动”？？别添乱行吗？？你在干嘛？？审核你们的稿子！！！,0
南昌麻丘南昌麻丘南昌麻丘！！！江西的宣传相当不到位！江西卫健委官微是放假了吗，消息又慢还经常不更新！多地都说有病例可是却没有看见通报信息！麻丘问题一直不回应！,0
隐瞒疫情，将成千古罪人。 带病回乡，不肖子孙。 吃野味，从初七到头七。 ? 偷吃野味 ，太平间c位 ?。 今年上门，明年上坟。,0
西政府不作为??“武汉华南海鲜市场是江西人的天下，武汉肉案屠户90%是南昌麻丘一带人。南昌麻丘2000+的屠户1.22从武汉返乡且均来自武汉华南海鲜市场”是真是假请官方给个回应?? ?? ?? ?? ?? ??,0
试剂盒短时间内供应不足，我可以理解。连口罩，都无法给医院充足供应，逼得武汉多家大医院公开在网上求援，这问题出在哪里？武汉无力，湖北无力，国家卫健委、发改委、工信部、交通运输部呢？国家层面，没有人和机构来统一指挥调度么？ ???,0
为了自救，昨天华中科技大学附属同济医院和协和医院的领导们干了一件极其悲壮的事情：联合武汉市所有的医院，直接越过武汉市卫计委，公开向社会求助。这得是绝望到什么程度，才会压上自己的职业生涯，为兄弟姐妹们发出最心疼的求助声。这得绝望到什么程度！！！,0
央视你们女主持人现在新闻频道的，在现在正在直播的节目里让大家多出门去别人家串门！还嫌病情不够严重么？我们在这苦口婆心教育爸妈和老人，你们直接给我说要多出去串门！几个意思！,0
能发文件让大家别去走亲戚吗能发文件让大家别去走亲戚吗能发文件让大家别去走亲戚吗好多人还是不重视，我真的慌得要命,0
“月亮挂在天上，抬头便是家乡。???如今离散为难，九洲请你安康。” ???祈福武汉,1
昨天广东都启动了，您作为重灾区今天才启动，看来晚会看的挺好,0
物资跟上吧 求求了 他们真的快撑不下去了,0
真的，军队去了证明这是真的很严重，先不要扯武汉人怎样了，我们能做的只有少出门，湖北周边城市全部都发通知停一切客运。我们能做的只有一个事，那就是为武汉祈福,1
建议全国都来学山西防疫，是真的牛皮 就一例报上去充数呢？ 看了好多县城里的症断书都出来，还瞒呢？ 要是真的就这一例，真的建议全国 真的建议全国来学熬。,0
这是我们重庆最好最好的医疗团队了！！希望你们能平安回来！,1
不想看疫情诗歌朗诵。我想看官员鞠躬谢罪，社会各界大手捐款，想看到成吨成吨的物资被运往各地医院。我想听医务人员诉诉苦，想看病人被妥善安置。关注医护人员吧！！！都是自己家里的宝贝啊,1
今天最好的一个消息，武汉现在瘫痪了，很多朋友都在医院，真的真的太难了，感觉没有政府一样，医院大量缺乏医疗用品，城市公共交通都暂停，医生没发上下班，也没有安排食宿，全部都没有预案，乱成一锅粥，很无助，对政府失去信心，你们来了，心里踏实一点,0
物质物质，看到很多说物质需要支援，昨天看到小米 大疆……有部分捐赠支援了，虽然这些牌子比不上某个品牌随便一个事你们都可以帮送上热门，但你们转发令更多别的公司效仿物质捐赠支援,1
不要恐慌，相信国家相信中国的医生，多囤点菜和干粮在家，勤洗手，不要吃生禽，没什么情况不要出门，全国人民与你们同在，全国的医护人员医学生与你们同在 遇到喷子和造谣的直接艾特网警举报,1
广西你别佛了，快搞点实质性的措施，宣传啊，呼吁防范啊，农村好多人都不知道呢，宣传起来让大家这件事的严重性，重视起来啊,0
广西还有很多武汉籍人员流动，南宁还有！！！希望政府尽快排查进入车辆，禁止即将入境的鄂字开头车辆！！！加大宣传力度，南宁人现在连一条预防短信都没收到！！还有乡镇！！！很多乡镇人还不知道！！希望政府尽快解决！！！,1
昆明满街跑武汉车...宾馆都是武汉人 政府不宣传不作为 是准备一起等死吗？？一级响应之后做了一点事情吗？！连个管事的官博都没有！一个旅游大省没有一点防控措施，下高铁连体温都不测！！,0
不好意思借一下楼，我是在江苏南通海安的小镇里一个孩子..现在大家都是过年气息十足..家里人还想着天天走亲戚，周围很多人也是从外地回来的，不清楚具体从哪儿来，村里也不宣传..我拦着爸妈别出去被狠骂..这里的大家一点不清楚事情的严重性..还说有什么好怕..希望海安政府能对一些城镇加大一些宣传..,0
重要的是要在各地立马开展工作！！！现在黑龙江大部分人还都是不在乎的状态啊！大喇叭！新闻！短信！控制口罩价格！赶紧落实到实处吧，求求你们了！！！,0
小县城地区 特别是农村的普及宣传力度真的是差的不行 集市、街上人来人往 戴口罩的人少之又少 各家各户串门拜年 聚会 吃酒宴 走亲戚 完全一点不在乎的样子 KTV 麻将馆 饭店 浴室等 依然人来人往 真的太吓人了 希望相关地区尽量采取措施 加大力度宣传 求求大家尽量呼吁！,0
各位尽量在家不要出门，出门也要戴好口罩，不要去人流密集的地方，对自己负责，对家人朋友负责，为那么多战斗在一线的医护人员负责。团圆是福平安更是福 武汉加油！中国加油！,1
钟南山院士说: 必要时需要牺牲人情、交际和经济，所以不走亲访友，不要觉得人情浅薄，疫病面前，人命第一，春节来年有，年年有!今天的不聚，是为了他日更好的相聚 安静待在家里 就是对白衣天使最大的支持！！！！,1
湖北省还是武汉省？别的地区是不是不用理会 襄阳宜昌孝感咸宁……都惨成啥样了 不求你平等对待好歹抽点心思管管吧,0
强烈建议国务院全面延长全国春节假期，最起码延长15天以上，大家各自在家隔离，可线上办公！避免初七集体上班造成大量人口聚集生产。如果一旦爆发疫情，后果不堪设想。现在上班都是一栋大厦的，一个人得了，全都特么废了，一栋大厦几千人，不是闹着玩呢！,0
不走访亲友就是最大的人情,1
关麻将馆！！禁止办酒席！！关麻将馆！！禁止办酒席！！关麻将馆！！禁止办酒席！！求求了！！特别是县城乡镇！,0
新疆做的很好 我在乌鲁木齐 自从发现第一例输入性病例??社区会排查 会发短信提醒大家预防 公共场所测体温 公交车浓浓的消毒水味道 在处理公共安全方面真的做得很好 乌鲁木齐很安全 疫病过后欢迎大家来大美新疆旅游,1
国家真的一直在想尽办法 空医大多名医护人员飞武汉支援湖北控疫三架军机连夜执行紧急任务商务部紧急协调两百多万口罩火神山医院要在六天内建成财政部拨十亿补助控疫 …这是国家第一次向社会征集地方政府的错误 并承诺会依法处理地方瞒报防控不力方面问题也一直在关注 国家不是都没做只是你什么都没注意,1
请政府管一管吧 长沙、岳阳等地进了大批鄂a车 作为长沙人 理解武汉人民的苦 武汉医院紧张 但也请你们来的 有问题直接去我们这的医院 要避难的 待在室内 不要到外面到处跑了 昨天在国金中心和其他地方发现了好多鄂a车 既然是救命为什么要跑到商业中心去呢 大家都想活命互相尊重吧,0
天啊，为什么死的不是那些买卖野味的啊，那些官员们你们良心过意得去吗,0
大家关注一下农村吧 ，村委会倒是通知了！但是作用不大啊，各家庆祝结婚的、买房的、小孩出生的……各种喜宴酒席还办的风生水起，这时候可能只有县委书记出马了，辛苦了，没法子啊,0
请延迟全国大学开学时间！大学生真的必须要延迟！不是为了不上学！大学生全国各地都有 不能聚集疫情不能再扩大了！,1
马上返京高峰就要来了，回京之前，希望市里能有所规划，别忘了03非典最开始也不是在北京，希望能吸取教训采取措施，防止疫情扩大！现在北京在两个机场设置了体温检测，但是此疾病潜伏期长且并非一定体现在体温上，所以务必请引起重视，谢谢谢谢辛苦了 愿所有人平安,1
南充确诊老婆婆跑掉被抓回来的事是不是真的 为什么嘉陵中心医院封院了 无论真假希望官方能通报一下 南充四川第二大人口城市 一个数据都没有？希望四川卫健委出来干事好吗？,0
坐标河北，过两天妈妈要去客运站检查发热人员，一共九人，六套防护服，其中五套过期，我不知道这样的形式主义有何意义,0
武汉明知疫情严重还往外跑，新加坡也明知非常时期还把武汉和杭州人打包送回，还不告知乘客，我杭州做错什么了我要为你们自己不负责任的行为买单…,0
针对网上有传新加坡拒绝超过116名来自武汉的旅客入境，新加坡移民与关卡局今天在社交网站上贴文澄清，当局知道网上有谣传超过100名来自武汉的旅客被拒绝入境的消息。消息并不是真的，而这起事件并没有发生。,0
一定要做好农村人的思想工作，一定要做好农村人思想工作，一定要做好农村人的思想工作。天天高枕无忧，觉得与自己无关。真的是醉了，我爸妈也是，还要去走人户,0
老人信政府，请政府多多宣传，政府多多宣传，政府多多宣传，政府多多宣传，政府多多宣传，多多宣传，宣传很重要，请遍布全国各地政府，不论多少线！！！,1
SARS就是吃出来的，国内惨到不行，全世界都被牵连。已过去了十多年有些人不做贡献就算了，尽给丢脸。,0
广东湛江那边出现了大量鄂A车辆，全是武汉来打算去海南的，现在海南不给过全留在湛江了，湛江小地方路上都没什么人戴口罩，而且那边超多是回来过年的，被传染了再返工整个广东都不堪设想啊,0
安徽省 马鞍山市??兴旺劳保批发部??????????捡来的废弃口罩回收??肯定是拿来卖的 有附近的朋友 联系下 报警??地理位置已经核实 ！最可怕的是人心，这比发国难财的还恶劣一万倍！！！,0
求求安徽zf做点事！！看看安徽到处拜年的！你们天天大喇叭喊不要放烟花的不能改改宣传疫情？？？安徽和湖北接壤，务工人多！zf完全不管不宣传，大家都没有任何警惕性，街上人不带口罩，长辈根本劝不住，一大早就出去拜年！,0
信阳涌进7万武汉人，一直没有人管，网上刷河南做的多么好，信阳难道不是河南的吗？我们现在这种情况除了车站还是没人管,0
都说河南严 我们安阳我就没感觉到 没见宣传 短信都是禁炮的??还有串门拜年的,0
请国家重视黑龙江这样的偏远省 ①医疗水平肯定不如大城市 ②没有抗非典经验 ③猜测有瞒报虚报的情况 由于各种不确定导致流言四起 人心惶惶????,0
东三省急需重视！急需国家医疗支援！！！！无先例，寒冷天气适合病毒生存！医疗条件差！！！人民意识差！！！！！！！！求多支援！！！！,0
途径站点：武昌―孝感―广水―信阳―驻马店―西平―漯河―平顶山―宝丰―关林―月山―晋城―高平―长治―长治北―榆次―太原―忻州―原平―应县―怀仁东―大同！！！！！！！！！！ 几乎从南到北贯通山西全境了 大家一定要谨慎啊[流泪],0
请自觉站出来，不是歧视你们，是为了你和家里人与广大人民群众的安全着想。,1
防控疫情别把农村漏了，新冠肺炎疫情防控形势严峻，但农村地区防控亟待关注！春节返乡人口多，当地医疗水平有限，农民防控意识相对较弱，为避免出现防控死角，我们倡议：掌握人员动向、做好排查登记、避免人群聚集、入户宣讲检查… 并且大家都关注一下基层服务者。,1
马上节后返程了，我提议在重灾区的售票厅设立免费口罩领取处，实名制领取，对不戴口罩以及倒卖免费口罩的人重罚重处！,1
希望通过这次事件，大家吸取教训，敲响警钟，好好整顿市场，不能生态破坏啊。野味真的那么好吃吗？真的有那么补吗？怎么不反过来思考思考。,0
求求大家关注环卫工人，他们基本都是老年人，全年无休上班，天天接触垃圾，但是没有口罩！！！！！！！ ???,0
造谣唯一解药在海南岛的公众号能封了吗？目前已经有大批游客涌入海南岛其中不少武汉游客，海南岛医疗条件差，老人孩子多，求求封岛吧,0
会挺过去的，在党中央的领导下，有全国人民的支持,1
其他省份接触史！！划重点所以现在哪都不安全了,0
希望春节假期能够延长，地铁人流多，戴了口罩也心里慌,0
扁鹊、张仲景、孙思邈、李时珍、华佗、叶天士、平一指、胡青牛、薛慕华、天竺神僧、程灵素、张无忌、霍去病，辛弃疾、 范闲……各位神医先贤在天有灵，佑我中华平安。,1
想给湖北人民拜个年，留在家中就是你们对抗击疫情最大的奉献和牺牲，隔离病毒，但是我们绝不隔离爱????,1
“宅”就是为社会做贡献，就是不给国家添麻烦。,1
黄冈感染人数仅次于武汉??黄冈疾控中心实验室三级防护装备已用空??全市750多万人只有一台检测设备??负荷巨大，随时可能故障??我们没有太多渠道，消息不能传播开?好不容易上的rs也掉了，各大医院的医务人员几乎是肉搏??请关注黄冈疫情??,0
浙江医疗队辛苦了 一定要平安胜利回来（空投司马,1
江西人想给湖北人民拜个年，留在家中就是你们对抗击疫情最大的奉献和牺牲，隔离病毒，但是我们绝不隔离爱????,1
我求求云南政府赶紧行动吧 求求云南自封 旅游大省 医疗条件尤其落后 这被传染了是尤为的严重啊，求求了，严格控制起来 严格查处鄂牌照车辆 严格查询从湖北过来的,0
麻烦大家在帮助武汉的同时，也帮助一下湖北其他地级市吧，拜托大家了！其他地级市也都是重灾区，极度缺乏医疗设备和医疗物资。现在淘宝有些店的口罩等物资只发到武汉的快递，湖北其他地级市的不发。我们没有口罩可以不出门，老老实实在家待着。但是请给与这些医务人员最基本的保障，请大家帮帮忙扩散！,0
吉林 真是干啥啥不行??经济倒数不说 防疫也慢吞吞?,0
湖北省领导班子冒着生命危险观看文艺汇演，感动中国啊,0
可以公布何时返程，返程的交通工具，车次，车厢信息吗？现在在哪家医院？只说一个轻症病例毫无意义。,0
我们武汉本地市民要被ZF逼死么？明天机动车禁行！以阻断病毒为前提下没有更好的办法么？有医护朋友已经不方便上下班了，全靠民间自发提供私家车！还有孕妇朋友快生了！还有每周要去医院做透析的朋友父亲！！！一个社区有几个，十几个小区，几万人起跳！配3台车？？？武汉已经被ZF变成一座死城了,0
不要垂头丧气，筛选有价值有用的信息进行传播，不参与网络骂战，保护好自己和身边的家人，这就是我们的价值。,1
多关注一下环卫工人吧，天天接触特别是废弃的口罩等等的垃圾，希望都能给他们提供必备的口罩等基本物资，还有很多空巢老人，希望都能得到相关地区的照顾！！,1
当务之急还是控制疫情，事分轻重缓急，惩罚要等风波过后，在严惩。晚辈的劝说有些无力，请求官方出面暂停酒店，影院等大型公众场所，拜托了,1
火神山 雷神山 名字都很霸气,1
求求大家关注环卫工人，他们基本都是老年人，全年无休上班，天天接触垃圾，但是没有口罩！！！！！！,0
武汉政府：问题不大，可防可控,0
现在求求什么麻将馆ktv这些娱乐场所都关了吧……真的劝不动了,0
是得政府出面宣传，否则好多老人不以为然，还倚老卖老啊,0
这次疫情比起03年的非典，信息更公开透明，对于普通人而言，残忍的真相好于甜蜜的隐藏。,1
宅在家里就是在这个危难时刻为社会做贡献，这其实并不算是玩笑。你少一次出行，既有利于你自己，也帮了其他人。比起那些积极行动的人们，我们能不添乱，老老实实呆在家里也是一种高尚。,1
平凡而伟大的武汉人民走在了最前面,1
武汉人民自救值得鼓励，但是政府应该出面提供便捷高效的送餐机制吧,1
央视爸爸，现在存在很大一批医护人员节前离开武汉了的，这两天都在想尽各种办法回汉支援……可是限制于每个市的封城封路，没办法回汉，这个有什么解决办法么……来自一个迫切想回武汉支援的小小医务工作者的请求,1
也是搞笑。中国人得病带到澳洲，人家免费治疗、结果中国人在那说风凉话。澳洲除了鬼佬还有华人生活，我就不说武汉出了这个事后华人马上在群里组织物资支援，去买口罩的时候一些药房的工作人员还来安慰我们，说一定没事。再来看看国内这些说风凉话的，做个人好吗！,0
湖北已经不止一个疫区了，但关注度全在武汉，希望大家能够也看看其他疫区，尤其是一些地级市，物资供应不上来，恩施州确诊11例，官方有消息了，恩施太小了，而且真的是湖北最穷的地级市，微博也没有热度，本地医院已经在向社会求助了但是没有热度，希望可以让更多人看到，真的很难过救救恩施吧,0
刚开始不够重视，现在呢？半个中国遭殃！希望中央严厉问责武汉官员！,0
一定要做好农村人的思想工作，一定要做好农村人思想工作，一定要做好农村人的思想工作。天天高枕无忧，觉得与自己无关。真的是醉了，我爸妈也是，还要去走人户,0
请注意。近期反华势力、洗脑废青、无知2b不断传播虚假消息，制造恐慌，无端生事，疯狂复制粘贴，各种刷存在感，挟持民意，攻击政府。请广大人民群众注意防范。不造谣，不传谣，做好自己的卫,1
疫情初发时“举重若轻”的公告表达方式，表面上安抚了人心稳定了局面，实质上却传递给民众以错误信息！使许多民众因为疏于提前防范而陷于重大感染的风险当中！于是，原本一开始就众志成城严阵以待的公共防疫局面，却成了街头巷尾，摩肩接踵，万人大聚餐，岁末嘉年华万民狂欢，于是便有了今天这种局面…,0
痛心G，如果不是因为疫情，春节本应与家人欢聚谈笑，本该安享晚年子孙承欢膝下之福，可……他因病毒殉职一线工作人员一定一定注意安全，拜托了,1
福建的应对措施还没彻底落实啊，政府加油啊,0
福建人表示很崩溃 仍然很多人没戴口罩 父母一辈虽有改善但仍然大意 求继续大力度宣传！！！！！抄河南作业！！！,0
竟然还有人从武汉天价拼车回到农村，怎么想的？良心不痛吗？？？？？,0
麻烦政府能不能让福建取消各类祭祀庙会和酒席人群聚集得活动，农村酒席有好几餐，平时使用的是公用的碗筷，还有很多农村人是在外地开小吃的（不排除武汉），这样更容易使病毒传播啊！,0
浙江永远都那么好 希望浙江有难时也可以有人帮助我们,1
现在人在甘肃白银，是很小的城市但是！街上包括我们小区都没人出门了，大家都很自觉！很感动！政府也在默默做事！希望共渡难关！甘肃政府的作为我们也看在眼中！,1
台湾太让人寒心，1月14日，因为澳大利亚野火，台湾宣布捐赠10万个N95口罩给澳大利亚。1月24日，大陆新型冠状病毒肆虐。武汉封城后，向各界请求抗疫物资。同日，台“行政院长”苏贞昌宣布，台湾禁止出口口罩。,0
请大家不要再求求救救了！刷屏真的不好，本来是真的别人都要误以为是造谣！各地方政府都在努力做好自己地方事情，大家不要恐慌！相信国家的实力?所以，请把评论区留给有需要的人，谢谢大家！干净评论区人人有责 武汉加油！天佑中华！,1
今天看到条新闻，说有人把用过的口罩回收处理之后再卖，这种发国难财的，杀也不为过吧,0
我好像没有看到有关环卫工人的举措，求求大家关注环卫工人，他们基本都是老年人，全年无休上班，天天接触垃圾，但是没有口罩！！！！！！！ ???,1
山东一级响应启动到哪了？坐标临沂小县城，没有收到任何通知，爸妈出去拜年了还在人家家里吃饭,0
每次都这样，求求山东了，你说清楚到底是哪个县！！滨州要恐慌死了！,0
拒绝扎堆 网络拜年 减少串门 必戴口罩 勤快洗手 拒吃野味 科学就医 拒绝谣言 配合查验,1
加大农村宣传力度，拜托了。照样打麻将，炸金花，哪里人多哪里钻。,0
今天甘肃中医药大学附属医院的我们的老师们出发了 兰州军区陆军总院也支援武汉的出发了 武汉加油！我们同在！,1
各位不要捧杀因为确实部分河南农村还没有做到位??一个省 不可能全部都警戒森严??所以麻烦各位不要捧杀??河南这个憨厚的小伙儿会继续努力的！麻烦各位不要回踩 信阳的朋友不要恐慌！镇静下听政府的安排！实在害怕多屯点粮食自己在家不要出门！政府一定会控制好的！相信政府！河南加油！全国加油！,1
这次事件之后希望大家听到看到有人吃野生动物随手举报！造福人类啊，农家觅食野味一定要严肃对待。真是活见鬼了！这事出来才知道蝙蝠也有人吃，疯球了吗,0
今天野味吃下肚 明天后院枇杷树。今天野味嚼起劲 明天亲戚哭不停。今天野味送进嘴 明天自己变树肥。今天野味打牙祭 明年今天坟场祭！那么多家养动物的肉 不香么？！,0
如果您来自疫区，您曾到过武汉，或接触过从武汉回来者，请不要去接触别人，请自觉居家观察14天！ 请家人不参与社会活动，不待客！这是觉悟也是责任，关乎您和您家人及全社会的健康！,1
我大浙江一边要自救一边要增援，一边还要应付空投，还特么要被骂，感染人群不断增加，真特么惨！浙江一定要挺住！,0
河北省没有一个正经的官博关注河北省的状况！一切只是与央视新闻一样的信息！！求看到！,0
我就是身处安徽的，说启动一级 村里大喇叭也不吱声,0
请给一线的还在加班加点发快递的快递员一些保护！我爸是重庆市江津区邮政的快递员！单位没有发一个口罩！！！说了要发到底多久发？每天拿快递的人形形色色！我不得不担心他的安危！作为一个女儿的心情，望领导给予最底层也是快递一线员工一些保护！给她们配备口罩、手套、以及消毒酒精！谢谢了??,0
养宠物的不要听信网上的造谣！！！ 新型冠状病毒（2019-nCoV）为β属，宠物猫狗，犬冠状病毒（CCoV）和猫冠状病毒（FCoV）为α属，不会交叉感染。 已经出现遗弃猫狗的情况，请科学负责的养宠。,1
太快了，以每日700+的速度增长…今天全部医疗系统暂停放假，我回到了工作岗位上 ，希望每一位在一线的工作人员保护好自己，所有病患早日治愈??,1
病毒你他妈给我滚滚滚滚滚滚！求求毛嗲嗲请护我三湘四水??,1
说句良心话，从昨天开始国家真的努力的效果已经很明显了。从城市到农村基本也已经普及到了，所有人已经高度认识到了病毒的危害性和怎么预防。相信国家，相信党！我肯定可以战胜疫情！！,1
所以你看，只要政府是认真做事措施积极的话，即使现况严峻，群众也会相信政府，根本用不着瞒报漏报,1
?我是武汉大学生 我承诺我会尽到 自我隔离、自我诊断 的义务 请大家不要把我们当成敌人 请给予我们应有的尊重 请不要再肆意传播 我们的个人信息,1
求求了考虑一下浙江人民的心情吧，感染人数全国第三，自己医院都物资不足，给武汉出钱出力还要接收一波又一波空投,0
一些画面看起来很像电影的场景，空无一人的街，临时封闭的城，但我们都知道，『这不是电影 也和电影不一样』现在善良的人都在尽力让这座城市的伤口愈合。中国????加油！武汉加油?,1
江西加油??我为江西赣州加油??，我们不要慌，不要放弃，不要给国家添乱，做好预防就乖乖宅在家，哪也不要去,1
病毒近两周的潜伏期的传染，造成感染人群的不可预知，会造成潜在几何数的传播！！唯一有效的办法就是，不接触，少接触，做好防感染的所有措施。必须坚决减少人与人的接触！坚决去做，不能有一点丝毫侥幸！！坚守这条底线！！！,1
请问全国只有杭州萧山国际机场吗？还是它的实际名称为 武汉人专运机场？？ 浙江人捐钱捐物资不是为了被送病毒！！请问这是东郭先生现实版么？？？？,0
一定要关注湖北其他地级市，从昨天数据来看，他们的病人增长的非常快,0
各地zf不要只是建议了，很多人不听，依旧串门，聚会，坚持办喜宴，正常时间上班，只有下文件强硬通知才有用的,0
春节假期放到正月十五吧，正好过了疫情高发的14天，有病的发病，没病的过了观察期，这样大家都安全，哪怕之后每星期多上一天班，把之前的补回来我都愿意????,1
高三学生不到一个星期即将开学，学生出行大多乘坐公交车并且在同一个时间点人挤人更容易造成感染，然而现在普通医用外科口罩几乎买不到学生只能无罩出门更危险,0
黄石和下属市县多家医院急需防护物资！！！,0
想对吃野味的憨批说 几把小就去医院看 别说吃野味可以壮阳什么的话 内心萎 你tm吃唐僧都没用,0
武汉小宝贝你不要难过 等病好了我们就去找你玩,1
要是可以禁止走亲戚该有多好，明天就要走亲戚了，我觉得危险也没人理解，心慌，应该好多人明天去舅舅家外婆家的吧,0
“一个月前电脑桌面右下角跳出新闻框，说武汉有十几个人个人吃野味，其中八个出问题住院了，开始还不以为然。没想到，就是这几人把全国人民吃进恐慌里了……”,0
官V发微博找人 难道真的是全国专家都往武汉跑 武汉部分患者往全国跑？,0
不理解那些连夜逃出武汉的。身体有病，脑子也病了吗？早发现早治疗，还免费，您乱跑除了害人害己，还能干啥？,0
湖北省洪湖市第一人民医院需要医疗物资！恳求大家关注！洪湖市第一人民医院是我们这里唯一一家定点医院，我们这里太小太闭塞了，几乎没有人关注。具体联系方式和地址我发在我主页了，恳求大家关注！,0
一，春节期间活动安排 初一一动不动； 初二按兵不动； 初三纹丝不动； 初四岿然不动； 初五依然不动； 初六原地不动； 初七继续不动； 几时能动？ 钟南山说动才动！,1
向李兰娟院士致敬03年非典时时任浙江省卫生厅厅长，果断出手，仅用一夜，隔离千人，创造sars零严重后遗症，无医务人员感染，无二代病人的奇迹（当年浙江省省长还是大大来着）,1
整个社会都要考虑到，中央政府辛苦了,1
境外自由行的机票和酒店可以联系平台全退吗？我的酒店和机票都退不了真的心好痛,0
国家有难，咱不添乱， 呆在家里，不去乱转， 闭门谢客，电视看看， 难得放假，一家团圆， 翻翻手机，做点好饭， 静心宅家，轻松安全。,1
大家看清楚，今天中午12：00就已经启动了，只是没来得及宣布，内蒙政府还是很棒的，我相信我们可以像控制鼠疫一样，将这次的肺炎疫情彻底解决！,1
晚上爸爸喊我陪叔叔他们打麻将，被我拒绝了。响应国家号召，从我做起。我们是年轻人，受过高等教育，是国家的中坚力量，做不了多大贡献，但是可以影响身边的一小部分人也就足够了。,1
各省都封城吧，别再流动了，先稳定疫情再说??????,1
这个春节过得太扎心了 终身难忘！,0
请求北京封城吧??过两天返程高峰??北京不堪重负啊????,0
济宁市第一人民医院英雄出发： 贾建军 郭兆霞 杨晨 王祝国 高善红 陈嫣 赵振。 请记住他们的名字，济宁市第一人民医院的英雄们，2020大年初一，出发前往武汉！愿你们平安回来，一个都不能少！??????,1
舍友出发了。没想到在家啥也不会干的小姑娘要去当战士了，也没想到第一次坐飞机的她竟然是去支援疫区……望平安归来…,1
2003年的非典我不怕，因为我还是个孩子。2020年的冠状病毒我怕了，在慌张中过年不是滋味。向一线奋斗的军人和医生致敬，加油武汉，加油中国。,1
提醒一下大家如果一直在家，出现浑身乏力和酸痛头疼不要太太太过分紧张了emm因为这可能是长时间躺床上刷手机造成的 还有就是哇如果在家里出现喉咙痒，持续咳嗽的情况也不要太紧张，说明你瓜子、山核桃等炒货吃太多啦多喝水勤洗手 希望疫情快快结束,1
潜伏期就具备传染了有隐身功能，我没有扫描功能。除了在家窝着真的哪里都不敢去！,0
村里有人有几十个人从武汉跑回来的，叫他们隔离，他们也不听，也不能做到绝对隔离，真的是跪求乡下广大宣传啊村民的自觉性才是最好的隔离啊啊啊啊啊啊！诏安已经有一名了,0
其实有些省他们现在也很严重了啊……,0
吉大一院二院的医护人员们，请一定平安回来,1
吉林大学第1、2、3医院，吉林省人民医院，通化市医疗团队，延边自治州医疗团队，吉林医疗团队。吉林人民等待你们的凯旋。,1
现在是潜伏期的病人开始发病了，一定要做好武汉回来的人隔离工作，防止二次传染啊啊啊,0
鉴于今年春节的特殊性，现隆重推出2020??年最佳旅游线路:??客厅→厨房→卧室→卫生间循环游，今年过一个真正的老鼠年，把吃的喝的都拖到洞里关上门，各自在各自的洞里，慢慢的吃，慢慢的喝，互不来往。吃完了，喝完了，年也过完了。等到春暖花开的时候，又都出来了，在大街小巷里面乱串，这就是鼠年,1
在农村，当官的说话比儿子都好使，真的希望zf多派人手到乡村做好宣传工作，求求了。你的一个举动造福的可是一个村庄好几千人的命运. 春节年年有，不差今年，农村人的心态真是好到爆炸。,0
为什么！！病情这么严重了！疫情爆发！我们的十八线小县城的学校还不延迟开学！！学校初九开学，我不知道到时候学生返校的时候到底该怎么办，学校为了升学率将学生提前开学！到时候等病毒爆发了学生怎么办？,0
我跟我长辈说疫情有多严重，他们告诉我耶稣会保佑？？？有信仰没错，但求求真的别迷信,0
看到几个大V说各个省断路封路封城阻止在武汉的人出去寒了在武汉的心！？这是传染病毒不是饥荒啊，各个地方专家军医都赴武汉，物资也都全力运往武汉，大家都在关注还有个人捐款援助没有弃武汉不顾啊，跑出去的有几个主动带好口罩往医院跑的，不控制就会肆意传播啊,0
北上广人流量那么大……返潮后后果不堪设想,0
爱不分国界！谢谢你们??????,1
日本药妆店的口罩大幅度降价 还用中文写了武汉加油 这次真的很谢谢日本人民理解,1
我们不能代表过去原谅什么 我们可以代表现在表示感谢??,1
全中国14亿人是不会被困难打倒的！武汉加油！中国加油！！,1
我真是服了爸妈的那些个七七八八的群，疫情刚开始的时候说没什么事天天出去都不怕，现在新闻报道严重了又开始乱天造谣哪里死尸满街，每个视频还不忘加一句“一定要记得转发噢”我转你m转 把所有人都当傻子啊！天天闲着没事儿是吗??,0
能不能别空投武汉人来杭州了，咋的，西湖水治病啊？浙江人捐款捐物资从来不含糊，最好的医生也已经支援武汉，面积最小却是第三疫区，医疗压力巨大，一天三次空投病毒到我省浙江人民何其无辜？浙江人的命不是命吗？请给个说法，公平对待全国人民，怎么专挑我们浙江欺负！！！,0
我估算了一下，央视新闻小编平均七八分钟就要发布一条及时消息，应该有个微博团队从采集、核实、图文编辑到最终点击“发送”。抗击病毒，你们也辛苦了,1
海南省不能杀毒！！！要热起来也是清明节后！！往海南岛跑的武汉人你脑子有毛病！！14天疫情爆发！！等到了清明节都可以给你入土为安上头七了！！而且海南最热也就三十多度！！没有五十六度！！海南医疗条件差！！来就是找死！！,0
现在全国最好的医疗都在武汉了??海南封岛 去不了海南的都滞留在湛江了 现在市区那么多鄂A车 湛江农村老人小孩多 医疗跟不上大城市 我真的要哭了,0
提醒一下大家，如果一直在家，出现浑身乏力和头晕，不要过分紧张。因为这是长时间躺床上刷手机造成的！ 建议去客厅散散心。还有体温升高一点点，把空调关了试试，别闷着了。,1
疫情发展到这一程度，希望大家将更多的视线放在广大小城镇和农村地区，这些区域目前相对于大城市尤其是省会城市来讲无论是医疗物资的投入上还是疫情防疫的宣传工作上都落后不少。除此之外，由于当地居民对疫情的不重视，许多居民出行连基本的防疫措施都没有做，如果病毒在这些群体爆发，后果不堪设想…,0
浙江自封！拒绝空投！浙江自封！拒绝空投！浙江自封！拒绝空投！浙江自封！拒绝空投！,0
大家不要再骂了，很多20号之前出来的人并不知道疫情这么严重，可能感冒发烧了也以为是普通的。只能说武汉政府不作为,0
再次奉劝那些口罩，消毒液商家和卖家，你们选择这时候涨钱，发的真是国难财,0
这么多人发问号和没常识一样，这个车从汉口出发不代表从汉口上人啊，就因为封城尼玛火车都要挪走吗，停你家？另外是乘务员有症状，你过年休息人家还在工作岗位上啊,0
看到一些人在搞分化，真服了，F在疫情蔓延全，我F结一c，P注疫情，希望大家做好人防o，正_Э谡郑勤洗手，p少感染人担可pptF，把力量集中椭更需要的人身上，h在香港的我，祝福大家，加油啊,1
大家看见最新一些报道就知道这事情有多严重，更不谈武汉目前的状况有多糟糕，所以大家不要在乱带些自己都不清楚事实的节奏，多给武汉和全国各地的人特别是一线医护人员一点鼓励支持吧。,1
“在大家都期待超级英雄的降临时，是一个又一个普通人把自己的所能拼凑起来，然后才有了划破黑夜的光亮。” ???,1
我真的很担心，全国各地甚至军医把呼吸科，感染科医生大都调去武汉，如果这些精锐在武汉陷入持久战，而其他城市又开始大规模爆发疫情，我们又能从哪调医生支援呢？全国各地已经出现50例确诊的城市有很多了，谁能保证它们再过20天不会封城呢？唉,0
"22日，全国确诊571例，23日全国确诊880例,24日全国确诊1287例，25日全国确诊1975例，目前已经超2000例被确诊",0
我妈还要去拜年，我也是醉了，我都把我舅舅说通了，真的是气死了。,0
辽宁信息透明化！！公布生活轨迹！！重点是沈阳！！现在沈阳病人越来越多！！没有具体行动轨迹！！不知道该避开哪！猫都没地猫！也不能一天到晚搁家趴着啊！腐乳都不敢下楼买！！都魔怔了！,0
现在喷人家早干嘛去的人，如果早封城，没这么多传染，喷政府屁大点事让人回不了家的，也是同一批人,0
刚才看直播 湖北省省长说 口罩生产了108亿个 然后旁边有人递了个小纸条 他看了下说 不好意思我口误了 不是108亿 是18亿…最后纠正1.08亿……他到底在干什么！有没有真的在了解疫情啊,0
受不了了，500万人离开武汉，不是500万武汉人离开武汉！我不是武汉人，我替武汉人抱不平行不行？大半夜的看的人真生气！,0
婴儿普通肺炎的时候就要治疗很长时间，这个病毒性的估计要更久，希望抵抗力顽强战胜它,1
希望有一天人们对野生动物的畏惧不仅仅是它们跟病毒扯上了关系，而是真正地发自内心地对生命产生敬畏，我们都不愿意自己还有亲朋好友遭遇病痛和分离，不愿意看到无辜的人受到牵连，而它们又何尝不是如此希望着。,1
如果这次疫情放过了人类， 今后也请人类放过野生动物！ 一切众生皆有情感，生命平等，对生命，对大自然都应该有敬畏之心。 拿它身换自身，请换位思考 有因必有果！万物皆有灵！??????,1
我靠 我眼泪要飙出来了！终于有好消息了！希望针对性药剂能很快研制出来！向伟大的医务工作者们致敬！,1
等待疫情结束以后，我想知道这群湖北省的高级官员怎么处置？,0
之前重庆就已经去了一批了，今天又去了一批，向你们致敬。重庆等你们平安归来。,1
一线物质匮乏，条件艰苦，医护人员可以克服，一线医护人员不怕苦，不怕累，不怕牺牲，但是请保护好他们的安全，避免他们被感染，他们脱下白大褂也是儿子，是父亲，是妻子，是母亲，同样是一个家庭的希望，也希望一线的医护人员都能注意休息，身体才是革命的本钱,1
除开湖北，按城市排名，重庆确诊病例排第一。然而现在买不到口罩，买不到酒精，宣传什么的也并没有很到位（住主城区的小地方，没有看到像河南那样街上有宣传车，外面人少了但任然有很多老人没戴口罩），为什么重庆好像并没有很重视的样子？,0
还有假口罩，请严惩。谢谢,0
发国难财的要追究刑事责任,0
把这次新冠肺炎的问题，只归咎于贩食野生动物的人和某些官员身上，是容易的。要透过这次的肺炎，看到真正的“病”――就是他们不讲真话，还不让别人讲真话。这个病不治好，百病丛生，而且生生不息。,0
我哥拍了ct确定为双肺病毒性感染，高度疑似冠状病毒。连续烧了9天了。但是医院不给确诊，说没有试纸。到处找医院，找社区进行求助都没有医院可以收治。打了武汉市长专线，120等求助电话进行了上报也迟迟没有消息。我家共有八人包括老人孩子，希望可以帮帮我们，督促下武汉市政府改善这些问题，谢谢了。,0
国家队，召之能战，战之必胜！加油??,1
今天好消息好多啊,1
看看我们河南省信阳！！！信阳需要物资捐赠！！！信阳地理上非常靠近武汉。许多信阳居民在武汉务工，在春节约七万人回流。另外，信阳火车站归属武汉铁路局，原本始发、终点地址为武昌的班车很多改为信阳，导致涌入非常多武汉人口，雪上加霜。,0
河南省真的满分答卷啊！！！,1
总理已经在前线指导防控工作！2003年的经验告诉我们，再复杂的情况，只要社会全面动员起来，疫情都是能够控制的。所以现在需要的不是慌张，而是坚决行动起来，调动起全社会每一个人的责任感，在疫情面前真正做到众志成城，万众一心，共度难关！,1
关注下武汉的周边城市吧，信阳这边已经医疗资源短缺，作为湖北省外吸收武汉群众最多的城市，已经有很多确诊病例了，不要让周边城市变成第二个第三个武汉啊,0
加油宁夏 请大家戴口罩，勤洗手，少去人群聚集处。祝福全国人民平平安安，我们携手共进，共渡难关！,1
听到外卖小哥说：是医生的话我就送，鼻子一酸，向奋斗在一线的医务工作者和每一个人致敬！,1
我妈妈就是超市的工作人员，她去拦那些没有戴口罩的人，他们就不讲理，骂我妈妈为什么不让进，他们就是不带口罩，能把他怎么样，他们不怕死，就非得进去！那些无知的杠精你当什么搅屎棍这边找什么存在感。她们只是服务人员，杠什么！,0
国家有难，咱不添乱！坐在家里，就是贡献！亲戚不走，来年还有！朋友不聚，回头再叙！中国加油，武汉加油,1
都在慢慢变好！！！,1
温州比湖北一些地级市还要多，但是好像关注点都在湖北，温州的附一附二缺物资好几天了..不知道有没有好转，希望社会各界多给温州一些关注..,1
为什么哪哪儿都有武汉人？巴铁医疗不发达，祸祸人家干嘛,0
。。。为什么还要去巴铁家 你去美帝啥的我还能理解 巴铁家什么条件心里没哔数？要下十八层地狱啊,0
我们今天把云南的优秀医生送往湖北了，然后疫区开始千里之外给我们输入病毒了,0
老实说平心而论 我们的政府除了前期做的不好 现在我们的政府都在尽心尽力的处理疫情 尽管或多或少还有一些做的不好的部分 能做到这样已经不错了??不能死咬着某些事件不放 就否定全部,1
武汉疫区出来的同胞自行隔离14天，拜托了！！感染人数增幅大应该跟确诊效率更快了有关系，这不完全是坏事，大家保持理性，加油China！天佑中华??,1
海南从来不公布病例相关信息，搞得大家人心惶惶，其他省的优秀作业也不会抄吗？为了民众着想，也为了防止疫情进一步扩大！小岛人民要求公布病例入岛后路径，以及是否有本地人感染！,0
带节奏的营销号biss，道德绑架biss，发国难财biss，地域黑biss..........气死我了气死我了,0
有的自己的省份确诊病例也不少还在往武汉调医护人员医用物资。那些逃出来的，发着病也要强行隐瞒害人害己的，真的自私到令人作呕,0
有武汉接触史的应该自觉隔离，都有家人，千万不要抱侥幸心理,1
目前连口罩都没有地方能够买到，就目前的情况该如何解决大家最基本的抗疫措施？,0
爱我中国！这件事之后真的真的更爱国了 十几亿的大家庭 做成这样真的很不容易了,1
我们坚信一定会度过难关，只求我国的损失能小一点、再小一点……,1
我爸爸是医生，也去武汉了，希望您平安归来，我们在家等您,1
沈阳市 中国医科大学附属医院一院二院 求捐赠口罩，隔离衣等??????，急需！急需！急需！,0
这次疫情等被击败，那么今后请善待医护人员！因为危难时，是他们用自己的生命来守护着你们，向他们致敬！,1
为什么还有这么多人不知道――没有任何症状的潜伏期也有传染性啊！！！不发烧不咳嗽看似很健康的人，也可能是潜伏期，也一样有传染性啊！！！别再以发烧为标准了！！真让人着急啊！！,0
"上海人做得对，为自己, 家人和家乡人民的健康负责!不是地域的问题，是人的自律和责任心!",1
普通民众已经买不到口罩和酒精！！！,0
保护好外卖小哥吧，现在又是送菜，又是送药的,0
我们考虑的是抵抗疫情，他们考虑的是抵抗中国。果然是人道主义的美国,0
军舰刚闯入南海，现在又取消所有航班！前天还说提供一切援助！咋看咋觉得这一系列动作有问题！,0
不要过度劳累不要过度劳累不要过度劳累！！！希望每个人都能平安！,1
上联:火神山，雷神山，钟南山，三山齐聚克难关 。下联:国内捐，海外捐，李兰娟，众捐纷来达通途。横批:共渡难关,1
希望大家都能自觉，我都在家窝一个礼拜了，虽说很难受，但是不添乱。,1
确诊权下放是一个因素，更重要的是防控资源不足导致的交叉感染刚开始爆发,0
前面屯的那么多疑似的检测下的确会新增，还有6000多疑似的，还有漏报吧，加上新发现的，还有试剂盒补充到位，未来几天猛增是肯定的,0
一直以来都是人类把动物关进笼子。 今年春节，动物成功地把十几亿人关进笼子。??天道轮回，善待生灵！,1
不要放松警惕，每天确诊的也很多，万众一心，这场战役我们必胜,1
初五 晴 我躺在床上情绪失控18次，心脏跳动56719次，眼睛眨了588次，我实在想不通哪个2b为什么要吃蝙蝠？她想补什么？难道是想为了上厕所不用点灯吗？,0
湖南你急一急啊，重视一下，人数那么多还不延迟，我马上要上班了,0
央视发声了！！！感动！没错！不让医生说实话是要死人的！不让人民说实话是要灭亡的！,1
这几个憨批 ，让国家损失这么大！,0
真药可以 救命，真话可以救世。,1
这这一飞机的遭殃了 日本这次给我们很多帮助 希望你们能平安度过,1
这才是优秀的领导者决策人??果断睿智,1
他真的很有魄力，雷厉风行地换岗。不欺负听话的人，太难得了，有些单位是你性格好脾气好，就让你一直多干一些活。,1
建议疫情之后广电总局号召影视公司和演员把2003年的非典跟这次2020年的新冠状病毒肺炎分别改编拍摄成电影上映，纪念这两次战疫。更是提醒健忘的国人，以史为鉴，莫要再历史重演。支持的顶。,1
既往确诊的治愈方案可以普遍应用吗？从确诊到治愈有多久？知道这两个问题，大众就不会这么恐慌了,0
说好的严惩贪官污吏，有现成的湖北红十字会，怎么不抓了？发国难财还不抓，留着过清明吗？,0
严查红十字！！！世界各地的人都在给武汉捐款，如同寿光人民给武汉捐献蔬菜一样。 可是，蔬菜进了武汉，就走丢了。,0
我不懂为什么捐赠那么多，每天口罩防护服几十万几十万的捐，还是很多医院说物资不足，那捐的物资到底上哪里去了？？物资到底在谁的手中发放？？一个医院拿到的物资就几百几千个？？严重建议捐赠物资的车直接一车一车拉到医院门口去，由医院负责人直接拿走，不要再由他人经手，加紧落实物资发放问题！,0
全国多少人陪你们受罪！！死刑！！,0
总算蹲到了这个消息！北京人民留下了感动的泪水,1
其实中国人挺傻白甜的，前有郭美美，后有512物资发霉。就这样的前提下，大部分人还是在疫情发生的第一刻想都没想往那里打钱。因为他们觉得他们的同胞需要他们，这是中华民族血液里最可贵的精神。就是有些司马玩意，利用别人的善良，这种人贪的每一分钱都会变成烧给他们的纸钱，报应在后面。,0
千万云监工们不用监督央企施工 ，请监督湖北的红会们的领导！湖北红会们请出来走两步吧，一边是红会囤积了大量物资资金不能及时发出去，一边却是人手不够，物资不够，只能眼看着一个个鲜活的生命消逝而去,0
一个垃圾武汉红十字会，让大家去年白唱了大半年我和我的祖国。湖北这些佩奇，从事发之前的控管，到事发之后的调配，从头烂到脚,0
专家说双黄连口服液管用， 一秒抢光了， 专家说不出门，不聚众， 有的咋跟聋了似的？??我已经看穿了这次疫情，只要坚持住不出门，不怕N95口罩涨价，也不怕双黄连脱销，就一动不动的躺床上，享受一毛钱不用花带来的安全感，又健康又省钱。,1
我们武汉市民倒了八辈子血霉摊上这么一帮玩意儿！在这次肺炎中无辜感染死去的还有那么多正在求助无门在家等死的普通市民绝对不会放过你们的！！,0
刚才直播说，卫健委列单子，红十字会拿单子分配货物。刚才无意间碰到了一名协和医院重症监护室的医生：别的医院缺不缺我不知道，我们缺！一天科室只给两个口罩，时间防护服。说话很委婉了。,0
两天回应八次，每次还都编的不一样，仁爱医院编的也不一样，你俩能不能串通好了再回应,0
湖北省红十字工作人员回应说：凭什么医院要分三六等级？你听听这说的是人话吗？大灾大难面前，医院当然要分等级，谁冒着生命危险在一线救人谁应该是特等级别，他们应该是第一时间收到口罩的人！！！ ???,0
红十字会不查，全国人民不放，红十字会作风这么差，怎么救武汉,0
李兰娟院士和钟南山院士一样，是真正最值得信赖和尊敬的专家。,1
一场疫情也是一场现形记,0
讲个笑话，集全世界的物资居然供应不了一个小小武汉市,0
国庆70周年时，大家发自内心的自豪感、自信心，仅仅几个月就被湖北整个官僚机构都给他妈的毁没了,0
我今天看到一句话：疫情是一面照妖镜。??有人卖着天价的口罩 有人连口罩也没有??想到一个对白 “他们为什么吃人血馒头” “因为他们不在乎有没有人血 他们只看得到馒头”,0
湖北省红十字会会长是湖北副省长赵海山，武汉市红十字会会长是武汉副市长刘英姿，所以你告诉我怎么查，自己查自己么。 ???,0
我只想问一句，医院物资告急，领导有什么脸领全国人民捐的口罩？还捐什么红十字会？直接把武汉领导家地址发出来给你们邮寄过去得了。,0
为什么会有那么都是在疫情爆发后还来云南旅游的？？你们摸着自己的良心告诉我你们真的是来旅游的吗？你们只是来杀人罢了,0
啥也不说了，中国加油，向天祈福，尽我们所能去支援全国各地的医护人员，我们团结在一起做他们的坚强后盾，愿疫情早日过去?,1
国家依靠人民，同样国家需要在人民的批评质疑声中摸索前进，而不是一味的粉饰与掩盖。互相信任，共同进步,1
几千年了，土地还是那块土地，人还是那群人，只是古代官僚主义进入了现代文明。,0
愿中国青年都摆脱冷气，只是向上走，不必听自暴自弃者流的话。能做事的做事，能发声的发声。有一分热，发一分光，就令萤火一般，也可以在黑暗里发一点光，不必等候炬火。 此后如竟没有炬火：我便是唯一的光。,1
从美国来的物资都跨过大洋送到了协和医院的手里面，我们自己国内的物资还躺在红会的仓库里面睡觉？？网友在评论里问物资是怎么运进来的，一个网友说“驼峰航线”，真的是得我笑完又想哭。,0
我们所接受的信息都给媒体给我们的，报道什么我们就相信什么，媒体不追踪，我们就会忘记。真相是什么？无从得知！这比腐败，黑暗更为可怕。 ???,0
太棒了！两天控制增量在两位数了 这就是希望！胜利的曙光！革命尚未成功！同志们仍需努力！控制住增速！保持0死亡！加油！等疫情过去，一起在樱花盛开的季节去吃热干面吧~,1
不让出门，还要地震，是跑还是不跑？四川人民真的太难了 重启2020吧,0
小地方从年前开始连一次性的普通口罩都买不到，给武汉调物资能理解，可我们开始上班了又不给发口罩，我们也害怕啊！年前淘宝上买的口罩也让退款说厂家被征用了，那到底我们什么时候能买到口罩啊？,0
越是重大关头，越能锻炼一个人、考验一个人，也越能识别一个人，希望党员干部都能挺身而出、勇于担当、冲锋在前,1
中国有个成语：以史为鉴。但现在才明白，我们从历史中唯一吸取的教训就是：我们无法从历史中吸取任何教训。,0
一场疫情N多剧情， 只希望冲在一线的普通人们都能平安归来，真的不能再流血又流泪了啊！！！,1
普通人普通口罩都买不到更不要说n95了,0
质疑有空床这件事的人，之前床位紧张你们骂，现在改善了你们又骂，是有多见不得事情变好？,0
不能寒了一线医护人员的心，一定要保证他们有充足的防护物资！,1
一定会有拨开云日的一天！！武汉加油！温州加油,1
我觉得武汉政府真的太可笑了，这些东西明明就是政府的事，现在居然中央派遣军队来做。政府从里面开始烂了，别人看着都觉得可笑。,0
希望可以投放一些普通口罩到市场，之前买的快用完了，马上开学开班了，买不到啊。,0
三天了，湖北武汉红十字的物资明细理清了吗？可以公众了吗？武汉中心医院缺物资，领导们知道吗？你们还领着前线医生们才能用的防疫物资吗？？？不要寒了捐赠者！,0
武汉加油中国加油，一方有难八方支援,1
有国才有家，面对疫情，我们都有一个共同的名字：中国人！人在做天在看，公道自在人心！！,1
病毒不可怕，可怕的是人心。一部分人，盲目跟风。机构各种乱，漏洞百出，管理不善。个别自媒体各种胡说八道，乱带节奏！一会权威发布，一会相互辟谣。而有多少在前线的医护人员得不到最基本的保障，希望一线的医护人员照顾好自己，家人都在等着你们凯旋，我们要相信政府！加油！,1
这个冬天，比往年更寒、更冷。??但是啊！??没有一个冬天不可逾越， 请相信，春天一定在来的路上。??待凛冬离去，雪融草青， 一定有新的相逢将温暖延续。,1
红十字会不查，全国网友不放，基本的信任都没有了 以后绕过红十字捐款。,0
钟南山院士说了自行隔离不安全，为什么武汉早不征用酒店旅店集中隔离，这两天才开始，难怪钟院士都哭了,0
能不能做真实报道，替那些到处求助无门，濒临绝望的患者发声，让他们居家隔离，每天疲惫地奔波于发热门诊，只会加重疫情，也会造成更多的家庭支离破碎的……,0
官方媒体报道的都是最好的情况，完美的社区服务，这人离医院步行就能到，用脚指头想一下，大多人有这条件吗,0
湖北内部到底感染了多少，恐怕只能等时间让病例充分暴露。其他省份只要控制的好，这两周别有大规模感染，这就算胜利在望了,1
疫情变成今天的这个局面：湖北省委领导和政府部门和武汉市委领领导和政府部门负有不可推卸的责任,0
人活着，比什么都强，如果快乐太难，那就祝大家平安,1
一大早真好啊，评论区干净。希望看到都是为武汉祈福的评论。每天都希望明天的数字可以降下来一点。辛苦央央了。祖国加油。,1
湖北随州，全市人口才220w，医疗资源及医务人员极度缺乏，感染人数已经达到了600多，现在的感染人口比例全国仅次于武汉，局面如继续恶化，恐发生大规模恐慌，希望得到关注??????在其他新闻下面刷这条信息也是出去无奈，请见谅,0
一线医护的压力和辛苦可想而知！向您们致敬,1
有错就要批评就要骂，有问题就要指出来，但不能老上升到国家制度上，而且也不要给人乱安帽子，说几句好话就是小粉红，说几句坏话就是牧羊犬，大家其实都是同一个目的都是让自己的国家变好,1
怎么解决民用口罩问题，淘宝不发货或者没货，药店完全买不到或者被征收了，又说要我们带口罩，又不给我们买口罩，相信很多人再过四五天都是要上班的，到时候没口罩，怎么办？不知道你们怎么想的，唉?,0
武汉加油，一定做好防护，辛苦仍然坚持岗位的天使。,1
哎 毕竟疫情还在发展 而到岗人流量还在那里……,0
为什么不能到拐点，有病的天天乱窜，没病的让待在家不待，都是不让国家省心的,0
看看孝感吧！人口比黄冈少200万，现在确诊人数超过黄冈了成为全国第二了！！全国都在大力支援武汉黄冈，求看看孝感吧！！！！,0
疫情快点结束吧，医生、护士、警察、写稿的都已经很累了！,1
感谢在一线奋战的医护人员们，你们辛苦了,1
全国人民希望减轻医生的负担，顺利度过这次疾病大危机，既然说了会人传人，自己尽力隔离和他人接触就是对社会最大的帮助啊。国家已经为我们付出了太多太多，不要再给我们国家添乱了，中国加油!,1
很多捐给红十字会的口罩不符合医院的要求，能否把这些口罩流通到市场，现在老百姓都没口罩买了,0
原来，国泰民安就是车水马龙人声鼎沸。原来，幸福就是想上班就上班，想吃火锅就吃火锅。 让我们等待武汉，也等待全国，等到春暖花开，我们再一起看车水马龙,1
好消息，新增速度降下来了 一场疫情让我们明白了：什么房子，车子，票子，都不是事，这辈子 啥最好，祖国稳定最好，人民安居最好，身体健康最好，亲人平安最好，有人惦记最好。??????,1
真的太难受了 等到现在 明明早知道结果是什么??一路走好李医生,0
不出门就是特效药，我还是不出门，我为国家省口罩,1
钟老感觉和之前相比疲惫了好多……希望钟老也要照顾好自己！！！,1
我已经看到无数种口罩使用解释了，都是各种官方发布.....用酒精的和不能用酒精的，用紫外线灯的和不能用紫外线灯的，用蒸煮的和不能用蒸煮的.......能不能有个权威、统一的方案再发出来？？？,0
开始说建议戴医用外科口罩和N95口罩，说一次性使用。后面又说口罩紧缺可以反复使用。开始说不能自制口罩，后面又出自制口罩教程。开始说反复戴口罩不能煮，可以喷酒精。现在又不能喷酒精可以煮，没口罩的人，太难了。,0
火神山 雷神山 钟南山 三山齐聚克病毒??国内捐 海外捐 李兰娟 众捐纷来达通途??男护士 女护士 前线人士 作战病毒中国勇士 医者心 仁者心 中国心 三心齐相聚?,1
希望疫情能快点好起来，每一个数字后面都是惨重的人命，也希望奔赴在前线的和在后方保障的人健康平安以后生活富足安乐,1
希望相关部门对那些故意隐瞒行程、瞒报信息的人从严从重处罚，给他们点教训，这简直是火上浇油，可恨至极！,0
辛苦了，请快些，再快些，跑过病毒的传染速度吧,1
其实 最大的愿望是，希望每个得肺炎的人都能得到救治,1
作为一个武汉人，今年过年我们哪都不去，就在武汉，现在我和家人每天在家不出门，每天早上开窗保持通风，在家用酒精擦拭家里的器具消毒，密切关注最新消息，跟随正确的步伐进行防范。我一直认为这件情况这种特殊时期，只有每个人把自己保护好，才不会给社会添堵，加油武汉,1
祈祷疫情不再增加了，愿患者早日康复??????,1
一切都会好的,1
真的希望数字不要再增加了，希望大家都平平安安。??????,1
唉，鸡鸭鹅猪牛那么好吃，为啥非要嘴馋动那些奇怪的念头呢,0
从1到571也就短短一个月左右时间，而最近几天更是呈指数疯狂蔓延...... 希望疫情不要再进一步扩散了，武汉挺住！还有没有被感染的省市希望也可以加强宣传和预防，守住最后的“净土”。中国加油！??,1
武汉现在封城了  我比较担心物资跟不上啊,0
高峰期还没到了，最后还要有一两个月至少几千人。才往下↓退。这事儿武汉zf有不可推卸的责任。香港虽然废青闹事，但是这方面管理的很不错，很透明，武汉就知道压着，想着自己脑袋的乌纱帽。,0
真的 数字应该远不止这点 大家注意安全吧,0
封城不是放弃，孤城不可怕，可怕的是由人心所铸造的隔阂，以及自私所雕刻的花墙。封城后国家会集中大部分人力物力资源来解决武汉的源头问题。我们每个人都为你们加油啊！不能等到病情蔓延全国无法控制，希望武汉人们能理解！我们一直在你们身后！,1
看了武汉市长的发言，我相信还有很多瞒报的，要不然300多例还不至于封城,0
相信国家的医疗团队,1
一顿野味吃掉了中国第一季度的gdp的一层皮,0
今天我们武汉封城了，希望武汉早一点战胜这可恶的新型冠状病毒，早一点消灭这疫情??????,1
钟南山院士要好好的啊??????听到这个年龄段，第一个想起家里的爷爷奶奶，其次就是院士了，还在一线，一定要好好的啊??????,1
江苏跑毒失败,0
经历了这个我才发现自己多怕死 生活多么美好,1
hi！！！！康康江苏徐州吧！！！！,1
94个未戴口罩的师生在17-22号出游武汉！！！可能是94个定时炸弹！！！！！可不可以进行隔离观察！！！！徐州有没有可能成为第二个武汉！！！！,0
昨天很多人呼吁不要去电影院这种人多封闭环境，隔壁坐个武汉回来的还要一起俩小时怎么办？打个喷嚏咳嗽几声你不慌？而且评论居然很多人说可是电影票不能退，心疼钱所以还是要去，妈的为了几十块钱命都不要了嘛？这种贱命在家自杀就行，别出去当病毒传播媒介,0
绝对不止，武汉那么多不收治不确诊不隔离的,0
中国加油,1
唉，为啥要吃野生动物，害人害己。,0
希望明天一觉醒来看到的是：新型肺炎已有成功治疗的方法,1
一天100多位的增长，其实挺怕的。现在的问题其实要比非典的时候难控制。春节期间，人又有钱，交通发达，一天就能从南到北，总体来说武汉的封城还是晚了。检测体温就放出来了人。隐藏期呢？我觉得现在武汉的手段一团乱麻。昨天才让大家带口罩，才强制。唉,0
山猪的诅咒,0
治愈的也有28例了，武汉加油！我大中国加油！！！,1
最早SARS也是因为人吃了果子狸，血淋淋的教训，人就是不长记性，希望这次事情过后我们不再为“嘴馋”杀害野生动物????,1
卖野味吃野味的什么时候抓起来啊啊啊啊,0
任何困难，都压不倒英雄的中国人民,1
他们也是谁的女儿，谁的父母，也想辛苦了一家和家人吃顿年夜饭。却在最危难对时刻冲在一线。那些不尊重医务工作者的人，看看是谁在保护你的安全。我们没理由不信任他们，不尊重他们，不敬仰他们。,1
数字远不止这些，病毒有潜伏期，长达一到两个星期。对于野生动物，我们需要做的是保护它们，而不是想方设法把它们变卖然后呈现在餐桌上，正所谓“没有买卖就没有伤害”。我们要相信我们的国家、我们的医疗专家、医疗团队、医护人员，病情一定会得到控制的。同时我们大家也一定要学会保护自己。加油,1
加油吧武汉，第一时间没有足够重视，密切接触者五千多人，那接触者不得很大很大的数字了,0
武汉要加油！！我们都要好好的，平平安安回家过年！！,1
武汉周边县市的病情信息也应该及时公布，现在周边很多人都没有意识到事情严重性,0
中老年根本就不听啊 我爹和奶奶他们还跟我说没事？？？！！,0
加油China,1
想对现在驾车逃离武汉的人们说一句：真没必要。目前全国的焦点在武汉，如果真的感染，你在武汉能获得的各种治疗条件肯定是最好的。都像你们这么逃，世界无处安全，人口流动增加后期控制难度，传染范围扩大的隐患会增加病毒变异和超级传播者出现的几率。无论是自己还是别人都得不到任何好处。,1
绝不止这些人数，真实人数请大胆翻倍。都封城了，还有瞒着的必要吗，呵呵。,0
我回不去了，一个人在武汉的出租屋，不知道该怎么办。我真的怕了，真的,0
数字远不止这些吧，网上那么多武汉人都在说医院没有收治，床位不够,0
十二点刷的时候还是440，又增加一百多了，真的不要再涨了,0
哪里能直播武汉肺炎或者滚动播放的，每天给家里人科普他们还是不怕，非要去菜市场凑热闹，口罩也不带，真的气死人了,0
????????????????平安健康,1
陕南人瑟瑟发抖,0
管住嘴，真的希望那些人不要再吃野味，贩卖野味了，你吃了真的没有人会觉得你很牛x有面子,0
希望早点有特效药出来,1
还有那些觉得病毒离你很远的人，你一个人行为可能会给其他人和医护人员很大的麻烦，出门戴个口罩很难吗，这需要社会每一位的共同努力。,1
我希望知道一下辽宁疑似病人的路线 长春是大学城 各大高校聚集的地方 即将开学 学生们返校 我们要了解有可能携带病毒的地点,1
肺炎疫情控制后希望能追责武汉相关部门相关领导，一个月了到年前这么严重，早干嘛去了！不要等控制了疫情就把丧事当喜事来歌颂！,0
还想说什么？不要再刻意强调 只感染老年人，这种方式不会让年轻人松一口气。而且 病毒在变异不是吗,0
香港的废青们怎么不得病？,0
吃吧吃吧，这回好了，啥也不用吃了,0
加油，可以挺过去的[加油],1
政府疫情信息透明，媒体多渠道宣传，个人做好预防，照顾好家里老人，一起构建防疫第二道防线。武汉加油，城虽封，全国人民的心在一起,1
一定会好的??我2.15还得回武汉上学呢,1
大学在湖北就读！对我来说湖北真的就像我第二个家乡一样！希望所有湖北人民都可以保护好自己！湖北加油！武汉加油！希望全国各地的人民都可以平安度过这个新年,1
不惧怕 接受挑战 做好防范 大家团结度过难关,1
那些爱吃野味的就该滚出中国，就不会有这么多麻烦事了,0
不信谣，不传谣！相信官方，加油,1
愿世界各地不再有感染了，可我们可以安安心心过大年,1
想不通那些吃野味的，周黑鸭的鸭脖锁骨它不香吗？？？,0
口罩涨钱没必要吧！发国家财有意思吗,0
呼吁现在各省应主动排查自疫情开始有武汉居住史又回到当地的人。主动作为，防止疫情进一步扩散。 ,1
加油中国，加油武汉！,1
一觉醒来增加了一百多人,0
基本上都是65岁以上的，老人抵抗力差的缘故嘛,0
真心呼吁大家重视起来，从武汉回来的朋友们自觉与家人朋友隔离2周，不要不带口罩到处逛了，刚听说一个从武汉回来的小盆友，肚子痛来医院检查，妈妈没给他带口罩，去做超声检查，还问医生怕不怕,0
武汉加油！中国加油！武汉人民加油！,1
中国加油！ 天佑中华,1
癌症术后？癌症都躲过去了，却死在了吃野味的傻缺手上,0
中国加油！武汉加油！全国人民与你们同在，缺啥吱一声，这个时候物资不够供应不足哪怕需要捐款也行的,1
武汉加油，我们一定会挺过难关的[加油][加油][加油],1
武汉周围的城市也能不能严查一下野味市场，能关停的全部关停吧,1
今天本来孩子买的动车去四川，实在不放心他爸就开车跟他一起去了。然鹅我爸妈一再说没有那么严重，开车这多辛苦呀。前几天看微博大家说家里中老年人觉得无所谓，我还想这都是别人家的爸妈，没想到我家这两位也一样，我真想问他们武汉离重庆多近他们知道吗。希望公交、地铁、手机推送能多播报注意事项,0
祈祷新型冠状病毒病例不再增加??祈祷所有新型冠状病毒患者和疑似者很快恢复健康??武汉加油[加油]中国加油[加油]我们都要好好的[加油]??,1
呜呜呜广东挺住,1
我想知道在哪里可以看见湖北省内的情况，我现在很慌乱，感冒都不敢得了,0
陕西离湖北这么近，肯定会有去武汉工作的，还有从武汉过来的，[加油][加油][加油]希望陕西政府也加大排查力度，要发现了患者第一时间隔离，避免更多传染，身为陕西人真的也挺慌的。,0
这数字有的都是没上报,0
可怕呀！我还是待在家里算了,0
还吃野味吗？现在恨死吃野味卖野味的人了！ 一样湖北加油！中国加油！大家健健康康平平安安度过这段时期，然后严惩吃野味卖野味的喷！,1
江苏还是沦陷了，大家顶住，一起加油！,1
确诊人数的增加意味着更多人有了去医院确认病情的意识，也有看到很多自愈的，相信国家，相信医护人员们，信息透明也是为了让大家安心，而不是造成恐慌,1
快变好吧,1
武汉加油 中国加油,1
陕西[加油],1
一天100例的速度,0
真的好严重了，希望大家一定要提醒家里的老人们做好防护工作啊！！！,0
希望一切都会变好????????,1
我们不造谣不传谣，相信祖国相信你们。加油,1
昨天才470几  今天就500多人呢  我的天。！！,0
数字增长的害怕,0
愿医务人员平平安安   希望明天可以看到新闻   可以控制疫情发展。,1
同胞们挺住！加油！,1
又增加了！祈祷??不要再增加了！！！！,1
大家都要好好的啊,1
03年我三岁，不知何事。20年我二十岁，祈祷安康,1
希望数据准确 不要包含水分 愿患者早日康复,1
武汉的小伙伴想吃肉，我可以帮大家邮寄青藏高原，无污染的，纯放养的牛羊肉，希望武汉的小伙伴加油挺住，我们三江之源青海，是你们的坚强后盾！虽然冬天我们的牛羊少很多，但是我们可以少吃一些，不要天天吃，多给你们一些,1
妈的，他们是不是生吃野味了，禽兽不如啊，这个病毒不耐高温，肯定生吃了，渣渣,0
一切会好起来的,1
现在武汉增加紧张，不增加也紧张，怕瞒报。,0
12月的时候武汉JF积极防控，不遮不瞒，就不用轮到现在整个武汉人民、全国人民来背这个后果了！,0
愿早日康复啊！！！！,1
相信祖国，要加油呀,1
我超级害怕，大家一定要重视起来，病毒来势凶猛，做好防护，加油。,0
现在喷之前的不作为是马后炮，喷武汉自私的携带者也是个例。眼下应该先共渡难关，那些犯错误的人可以事后处理，但怎么搞好现在的问题才是关键。现在封城已经是及时止损，别抓着过去不放，要预防，要遏制，要解决，要治疗，现在就抓紧干。,1
朝鲜已经封国了，武汉已经封城了。因为实际的情况更严重。夏天赶紧到??希望大家都不要有事。一切平安。,1
现在看到媒体到处宣扬医生伟大的时候，我就哈哈了，医生被杀，被砍的时候，你们哪去了？现在需要医生去牺牲了，你们又来各种夸，医生被杀的，网上有多少人说那些幸灾乐祸的话,0
建议大家今年不要走亲访友了，就一年，坚持一下，尽量自己待在家里，观察一周或者半个月，彻底切断感染渠道，让感染者暴露出来赶紧隔离治疗，要重视起来，害怕不是坏事，非常时刻非常手段。,1
：能不能请求关注一下湖北省非武汉的地区啊，其他湖北省的小县城，地级市根本没有很大的警惕性，也没有媒体曝光与播报，导致很多的小县城和地级市的老人们都不在意这个事情，而且救助资源稀缺，防护意识弱，荆州，宜昌，还有好多都不知道具体情况,0
都会好的,1
武汉加油，但是也希望可以解决一下猫眼电影公司，还发什么说明会退票，说的好听，实际连退票的端口都没有，还特意关闭人工客服端口，强烈要求治理一下这家公司,1
大家戴好口罩?? ，一定要注意，勤洗手多喝水，尽量别出门了。相信白衣天使，相信武汉，相信中国???? 。我是武汉的！,1
听说武汉封城了…希望你们保护好自己和家人。生命犹在，希望犹在，等待你们归来的那天。加油,1
一切都会好起来的，愿平安??,1
每早起来都心惊胆战的，生怕看到更多的人数，希望赶快好起来吧！,0
今天早上眼睛睁开，庆幸自己还活着，这种感觉真的太好了,1
祈祷??,1
听起来有点中二，但是这一次换我们守护你们吧。武汉加油！中国加油！挺住！//,1
我不管有没有瞒报，我只想为所有人祈祷！希望我们众志成城，一起杀死病毒！,1
希望能关注一下海南！！目前从坐飞机的数据来看来海南的武汉人已经有七万多人了，而现实远远不止这些，从一开始的确诊一例上升到5例，还有三百多人疑似，海南不是避难所，真的求求大家别乱跑了，为自己也为大家考虑一下好吗？还恳请海南尽快封岛,0
江汉区好多老社区的麻将室还在打牌   是不是警察要去取缔下 都不怕死  我晓得江汉区前进一路的济生新村里面就有,0
武汉交通停运，封闭城市，已经进入全城戒备的防控状态。武汉要加油啊，所有医护人员加油，市民做好防护，希望新型冠状病毒肺炎疫情不要再蔓延发展下去了……,1
湖北十八线的小城市，医疗条件不发达，信息不公开。,0
一咳嗽一打喷嚏就怪孩子衣服穿少了，着凉了，他们根本就不相信细菌和病毒这个东西,0
划重点，死亡病例多为存在其他基础病后感染冠状病毒，多为高龄！所以，此疫情并不可怕，不要恐慌！做好科学防护！增强自身抵抗力！勤洗手，多喝开水，少出门，佩戴口罩！管理好自己不给大家添乱！,1
不想再看到数字上升了，因为在医院上班对有疾病敏感度从刚开始就一直关注。这个事件从几个人到现在的500多人 真的太迅速了 ，传染特别强，事情再往不好方向发展，希望下一条上热搜的是已经攻破这个疾病了 有患者治愈了??,1
希望生产相关医疗产品的企业如果缺人的话，请发布公告，我志愿去你厂工作不计报酬！坐标江西新余。,1
我睡得时候看的还是470多个确证一觉醒来立马新增100,0
加油！,1
 请大家也关注一下安徽！临近武汉但是防范意识的宣传不到位！我在合肥市市中心都至少有一半人不戴口罩！求求大家帮帮忙！！,0
公开透明就是社会最大的稳定剂。新型冠状病毒事件的所有信息在互联网上公开透明，大道消息大畅其道，小道消息自然无法兴风作浪。公开透明是自信的体现，是战胜一切困难的前提，是凝聚民心战胜病毒的勇气和力量。,1
求主怜悯和赦免，看顾保守！,1
太难了,0
03年我三岁  今年我二十岁 加油大家,1
中国加油(? ??_??)?武汉加油(? ??_??)?,1
医院都不够用了都拒诊了还在说不要增加了。具体数据谁敢发出来都在封锁消息。上海都沦陷了好多医生都病了死了??,0
03年非典没有陪祖国一起度过，20年肺炎一起加油，请相信国家还有奋战在一线的医护人员，人民有信仰国家才有力量，不要在地域歧视或者埋怨武汉人民。现在团结一致共同加油，中国加油！武汉加油！,1
一定要好好的   希望不要增加  希望人民要好好的,1
中国的明天一定会更好，非典都扛过来了，这次一定也能抗过去,1
江西政府绝对虚报人数了，我一德兴都有好几例疑似的，据说还有一例确诊了，但是病例表格上江西的疑似病例为零，这真的有点不负责任了，江西政府对江西人民负责点吧，别瞒报了好吗，越是这样我们就越慌,0
: 我觉得我低热了怎么办啊！我是这两天天冷一直打喷嚏流鼻涕头晕。会不会是感冒了？？好害怕啊我17岁,0
愿所有人平安??????,1
这种时候还有人在喷奔赴前线的医务工作者真是服了哦,0
昨天召开家庭会议，民主讨论春节旅游事宜，权衡利弊，退掉了北京到四川10天旅游，心中有些遗憾和不舍，但是在大灾面前不给别人添乱是美德,1
千言万语汇成一句话，武汉加油！！！全国人民陪你们一起度过难关,1
加油！,1
一切都会好的  加油,1
我们这边据说是一个武汉上学的回来确诊肺炎了，是没报？,0
武汉加油，你们一定能度过这次难关的，希望患者能尽快康复，守在一线的医护人员你们!辛苦啦,1
现在每天早上醒来就是看看疫情最新进展，希望明天早上得到的消息是已经控制住了,1
为武汉，为世界祈福。,1
……希望疫情不增加，但是也希望周边城市，小县城控制起来，去年年底就有出现疫情的，但是没有得到重视。在武汉工作的本省的周边小县城的很多，外省探亲回家的也很多…………希望都可以严格把控，乡野村民过年探亲，聚餐样样不少，希望可以把疫情的严重性带到全国的每个小角落。,0
武汉加油 中国加油 世界加油 人类加油 我们可是食物链顶端的高级动物,1
武汉加油 中国加油,1
中国加油 武汉加油 一定要挺住??,1
如果真的全国只有500多例确诊，为什么医护条件会这么紧张，,0
乡村医生以及各种小诊所医疗服务站也是接触病人的高危人员，医院需要对医生发放防护检测装备呀，不然接触两天才发现是病毒感染，医护人员首先就被感染了！   没有看到有什么对乡村医生的防护措施！ 还把口罩卖完自己出去好几十块买到的n95口罩！,0
请问太原铁路局，武汉已经封城，为什么还有大同到汉口的列车在运行，这样为山西人民带来多大的风险!!!,0
加油武汉,1
希望现在公布一下治疗情况，感染年纪主要分布在多少岁，死亡人员主要原因，治愈出院人员年纪及身体状况，以及被感染者曾经于何时到过某地，这样才能更好的为大家作参考分析。说实话，我觉得很恐慌，昨天做卫生穿的少嗓子疼，导致我老觉得自己在潜伏期似的，我已经两天没有出门了。,0
中国加油＾０＾~武汉加油＾０＾~希望我们都能过个幸福的年,1
眼泪我都出来了，坐标广东,0
阳光总在风雨后。只要控制住这场灾难， 科技可能就会进一步的发展。,1
一切都会好起来的,1
希望大家都平平安安地过这个年??????,1
加油中国，加油武汉！,1
望平安,1
祈愿早日控制住疫情，患者早日康复??????,1
安徽人瑟瑟发抖,0
真的是噩梦一般,0
我们这边只有我家戴了口罩还是我强制要求戴的 其他亲戚根本不当回事！！焦虑！！！我现在天天八四擦地擦门,0
天呐，这事态太严重了吧，每个人都要保护好自己啊。武汉人民也加油，被感染的人也不要害怕，一定要到医院就医，相信医生，相信国家。,1
这条评论太感动了。白衣天使们加油[加油]//,1
看着每天上升的数字，你担心又害怕。希望大家一切安好！,1
加油加油,1
武汉挺住[加油][加油][加油],1
武汉加油！！！！武汉人最坚强,1
一定会好好的,1
加油武汉,1
我大武汉加油！！！一起渡过难关！！！,1
老年人一般很少上网，很多人并不知道这次疫情的严重性。央视新闻能不能多播几次疫情新闻？一说能不能先不聚会就非常失落和伤心，认为我们晚辈不想和他们过年，出门买菜串门也不戴口罩，一副满不在乎的样子。但他们信央视新闻联播，所以新闻应当滚动播出，主要为了让老年人周知和重视。,0
疫情不再加重??????,1
真的希望数字不要再增加了，大家都要平平安安的。,1
00后也与这个世界同在！//,1
咳咳，80后还是中坚呢,1
平平安安过新年吧,1
定了旅游的怎么办，揪心,0
武汉加油！中国加油！,1
希望不要再扩散了，都要好好的????,1
武汉加油中国加油,1
过年在家少出门，我们能做的就是不被传染，和不传染别人。,1
用实际行动证明！作为一名学生党，回国过年的朋友知道国内的口罩紧缺，已经购买好带回国内，免费发给武汉卫生部门，尽自己的绵薄之力帮助需要帮助的武汉人中国人????，呼吁大家有能力的出一份绵薄之力！一定会挺过去！,1
武汉加油，一定要平安,1
望平安,1
武汉加油??，同时呼吁不要发国难财。,1
不希望数字再增加了，希望大家都平平安安。病毒快走吧！吃野味的人应该已经收到惩罚了??????,1
打开新闻又发现新增病例，星星之火，可以燎原！从澳洲森林火灾到武汉的冠状病毒，不是天灾就是人祸。希望亲朋好友可以平安健康度过这一关,1
又增加了127例，妈耶，太可怕了,0
全国每天有，许多传染病，为新的病菌，莫草木皆兵......,0
武汉加油,1
关注一下武汉周围地区吧,1
新春快乐，病魔快快走！保佑祖国挺住！保佑医护人员健康！祖国新春快乐。,1
吃。让你们吃野生动物 吃死你们。害得所有老百姓都跟着遭罪。,0
这种时候不多说什么，武汉加油,1
我之前一直想着要写个总结，记录我幸运的本命年。现在，我想把我的好运都给他们吧，平平安安最重要！希望很快就能渡过难关！但是这次事情真的暴露了很多很多需要反思的问题,1
死亡率上升到2.9%了...??????,0
真是一晚上又多了五十几个，太可怕了。,0
谢谢前线的医护人员，你们也要好好防护,1
呜呜呜当时才五百个阿,0
武汉加油，中国加油，希望武汉的病人们早日康复，我们与你们同在,1
加油??,1
希望肺炎能够战胜湖北省长等人，让他们下辈子再参加春节团拜会,0
强烈要求严查湖北上下官员失职渎职不作为的情况，现在感染源都扩散到全国了，官员们还有闲心开晚会，医生护士连防护都不足，拿什么抢救病人？拿什么保护自己？为什么湖北严重到这个程度，措施还比不上隔壁河南？同样的政策别人十二月都出了，湖北在干什么？,0
下台吧憨批,0
病原体到处跑，这位省长是不是负点责。,0
我对湖北武汉的领导班长失望透顶！希望这事过了之后，大换血！,0
湖北领导，对比邻居河南，你不觉得你们应该羞愧吗？,0
医疗物资严重不足啊！你TM别一开口就一切尽在掌握行不行！,0
回想起药神里那句话，他只是想活命他有什么错。但此时，“实在没办法，暂时委屈你们武汉人民了”，“希望发热还出省的，一家都躺一排齐齐整整的”，“现在才封城，早干嘛去了”，人性的课上真是多少都不多。,0
省长，物资储备充足的话，请赶快调派防护服、医用口罩等应急物资给一线奋战的医护人员，他们都已经只能自行在微博上呼吁、求助了！！！请重视！！！,1
最烦这些官言官语了,0
评论居然没有审核，看来有意让其接受人民的审判，这老哥走到头了,0
向全国人民道歉，下台[怒R],0
之前我还觉得有人在抹黑武汉，说什么武汉人根本就不慌，该吃吃该喝喝该嗨就出去嗨，看了湖北团拜会我真是刮目相看，领导带头的魔幻行为,0
隔壁河南春晚都改录播了，你湖北省省领导们还有心情看戏,0
油头粉面肥头大耳,0
实在是想说句这位是憨批,0
我感觉他心里应该蛮慌的:这下完了，事情大了……,0
憨批！！！秦城等你呢！！！,0
资源充足？？？,0
白岩松:我们在这里过年，白衣天使却在帮我们过关。,1
光喊口号不行，为什么不给涨工资奖金，待遇这么低，还要冲在最前面，说实话，心疼他们，随时都在喊顶住，那也只有医护人士顶住，请大家也呼吁一下为医护人士增加待遇，每次越过一个坎儿又忘了平凡的医护人士。不是传播负能量，说事实而已。,0
我要给他们捐款，,1
:武汉和祖国痊愈的那一天才是中国的2020新年！ 那时候一起过年， 举国同庆，加油武汉,1
哪有这么好的吃，我看好多都吃的面包、饼干、方便面,0
医护人员都能吃上热饭菜就好了 辛苦了真的辛苦了,1
还不错，别忘送饺子,1
致敬我们的白衣天使们,1
棒棒的！每天这样安排！,1
后勤要到位啊 都要平安,1
所有医院都要照顾到,1
平平安安,1
 求关注一下江西南昌麻丘，武汉海鲜市场9成是麻丘人，目前有100多例发烧，政府已经封村了，请求关注，麻丘附近有7个南昌高校，离省会南昌市区很近，南昌人民请求关注,0
别光致敬问候，医护人员在拿命博，政府也应该出台合理的政策和法案。我提议：医护人员值守加班，要加强安保并补发十倍以上的加班费！人家不图钱，咱们不能不讲理！同时，加强加快立法，对医闹伤医严惩重罚，以慰籍医护人员的心！别老整虚的，这才是正道！,1
看到很多说医生吃泡面，其实医生护士吃泡面都是为了节省时间很快投入救治，随便吃个面垫一下肚子。,1
请给医护人员涨工资谢谢,1
加油 你们都是人民英雄！ 想你们致以最高的敬意！,1
都是一线人员，为什么有差别？？？,1
等你们凯旋！,1
等你们回来！！！！！,1
白衣天使！健康卫士！,1
 看来，营养不够，建议增加军用罐头，随时随地都可以打开食用，不需要加热。让一线的白衣天使吃饱喝足，有力气！,1
吃的还可以，大吃大喝起来，保证身体，更好的服务于武汉人民,1
谢谢，辛苦了，新年快乐！,1
致敬战斗在一线的英雄！新年快乐！加油武汉！,1
辛苦了,1
辛苦啦白衣天使,1
你们一定要平平安安，做好防护。,1
等你们凯旋,1
加油(? ??_??)?,1
生活不易,0
吹牛逼，刚才一个护士发了，在吃泡面，撒谎是要被诅咒的,0
我们少吃几口没关系 赶紧把鸡鸭鱼肉水果喝的给他们送去 他们不间断的工作需要营养,1
吃泡面的他们呢，能不能再送一份不要这么让人心酸的,0
梨视频放的武汉医生吃方便面呀，还说很满足，我真………虽然，但是除夕啊……,0
很多医生护士吃泡面，怎么不关注呢？????,0
还在继续报喜不报忧，滚,0
哪有这么好的吃，我看好多都吃的面包、饼干、方便面,0
谁都有爹妈，你们辛苦了！那些畜牲，让多少人跟着遭罪！,0
希望每一位一线护士医生能吃到这样的盒饭。,1
瞎说，扯淡,0
请让医务人员吃好一点,1
加油啦,1
武汉加油,1
这还稍微说得过去，那个吃泡面的护士真的，哎，令人心疼,0
所有一线的医护人员都需要补充营养增强抵抗力，如果他们都病倒，谁来拯救大家。作秀的你就别秀了,0
身为武汉人，我对武汉市政府和湖北省政府失望至极,0
都什么时候了，还这样睁眼说瞎话,0
希望奋斗中的医务人员待遇一致好！他们担负重任，确保他们吃好！,1
一堆在吃泡面的医生,0
还有很多消息说有尸体未处理，说领导回家过年了。也不知道真假。都是截图。不知道该不该相信。只愿在这特殊的时刻，我们的医护人员都能平安！安全回家，就是过年最大的心愿！,1
能再延迟复工不………没有口罩的人生咋办,0
以前就想放假时间越长越好 现在真的特别想快点开学 希望疫情可以快点好起来,1
可是企业复工怎么办啊，马上就10号了，口罩??也买不到，上班公共交通工具也变得不方便，大批员工集聚在一起这样真的安全吗,0
终究还是未能开学，万恶的病毒！！,0
学校不开学为保护青少年下一代，可是他的家长却上班，一个传染，全家覆灭！,0
这下好了，本来能早点去学校，现在又推迟了，对于一个爱宅的人，简直太幸福了,1
？眼看就要复工了，学生们继续停课，却让家长们上班，娃们都自己在家？,0
武汉加油！安徽加油！中国加油！,1
口罩缺口太严重了，抗病药物还没有研究出来，真心支持继续推迟,0
嗯嗯好滴，我会乖乖在家,1
先把信用卡花呗还呗车贷房贷账单延后行吗？你不让开工，我没有收入，我拿什么还贷款？？？？？,0
好   那我就在河北先好好带着  三月见,1
福建怎么也不学学 16号就要开学的我,0
9号复工的我好慌....,0
应届高三的我太惨了，属于不自觉的学生，需要上学控制我自己啊，在家效率太低了！！！！,0
大学生表示其实相比这种不开学，我更想上学的，诶,0
半夜看微博开学上班遥遥无期  只希望这疫情快过去 希望大家健健康康的开工,1
上课半年专业课，没有学文化课的美术生熬不起啊！！！！！！！,0
我们职高的对口高考咋办啊！三月份就考了呀，不知道安徽本科招生日期会不会延迟呢，好担心啊！！,0
广西的安排上啊？没有口罩怎么上课啊,1
安徽早期不严管，全国除了湖北就剩安徽增长最严重！真不知该说什么了,0
玄学和封建迷信是两回事，瘟疫肺炎肯定是有一个源头，就是肺，庚子正月流月的疾厄星象属金，顾名思义肯定源于金，对应人体就是肺，在正月很难消退，大家加油！,1
难搞啊，我们这些考分类高考的该怎么办,0
情况还很严峻，只是学生不上学，家里大人10号开始上班后，是否还能保证学生安全？,0
可以在家多陪爸爸妈妈开心??家里的大床?WiFi?随时随地的热水澡?妈妈烧的好吃的饭菜?没有开支。,1
这里是安徽省蚌埠市固镇县，这里小区每两天让居民在早上八点到早上十点出去采购，超市每天只开放3个小时，导致了所有人都聚集在超市里！蚌埠市已经取缔了这项政策，可是县里乡里依然执行，现状依然没有改变，留言，电话，举报，都没有结果，求关注求帮助！ ,0
本来就2月24开学的我哭了,0
羡慕，作为一个云南的学生什么动静都没有，我要怕死了好吗,0
安徽寿县九龙小区管理疯了 ，我理解现在疫情尽量少出门，我就去买菜不让我出门，说我是外地人，我外地里嫁到本地十多年说我是外地来的，还没有出门证，怎么人身自由都没了,0
那线上网课是必须上还是不上啊啊啊啊？？？？救救要被逼得成主播的孩纸叭,0
希望继续延后复工时间，没口罩，管理水平参差不齐，疫情更不可控,1
马上10号上班的可咋整，。，买不到口罩啊，，，，，,0
上班的就不能推到3月1差这几天 我怕死,0
10号复工的怎么办？？？家长上完班不回家吗？不还是阻断不了传染？？建议延迟复工！！！??????,0
研三毕业狗真的要哭了，还是外地人，论文查重盲审、答辩、春招三月本来要考工作的！咋办啊咋办啊,0
口罩买不到 10号复工怎么办 ？真的害怕,0
大人去上班，有个什么事，对小孩影响不是一样的吗？不延迟复工，前期做的肯定就等于白做，好不容易现在真正严格起来了，却要复工，万一二次大爆发怎么办？口罩买不到酒精买不到就是消毒水洗手液也买不到！！！！,0
马上10号上班的怎么办？在村里没有私家车回不去，城乡公交，客运站继续停运，到处限制封路。跟公司说了情况，还是让进去回去，然后居家隔离办公（还不知道小区能不能进去）。农村娃回城打工太难了。 ,0
我开饭咯~快快好起来吧,1
祝早日康复,1
吃的真好，我都馋了,1
营养好一些，免疫提高了，病就会好得快。,1
希望疫情快点好，一线的英雄们一定要平安归来,1
我能去参一个吗，真香,1
我想吃热干面啊！,1
就是要吃好点 增强抵抗力 加油加油,1
值得的，你们要吃饱点哦，在一线与病魔战斗太辛苦了，期待你们凯旋哦,1
单位和家是市的两头，镇上的卫生院上班，宿舍没有浴室，所以冬天一般都买买吃，厨房是公用的，没油烟机，烧饭吃全身油烟味，一般三天洗一次澡，浴室现在也关门了，从没觉得泡面自热饭这么重要过,0
吃好喝好休息好，抵抗力才能上来，加油,1
吃的还可以，比之于你们的奉献还差得远，你们配得上更好的待遇，祝平安,1
加油你们最棒  早日康复 战胜病魔  中国加油 ,1
吃的蛮好的 吃好睡好身体才能好 加油哈,1
我在家，出门被限制两天一户一人，一个人根本提不了多少东西回来，多买点回来又被说抢，于是有了限购，全家早上为了节省早餐睡到十一二点中午吃米饭配一荤一素，晚上地瓜粥配煎鸡蛋和青菜，吃得还不如火神山真的要自闭，到底谁吃蝙蝠??,0
吃得真好,1
大晚上看饿了。感觉别人吃的饭都好香！,1
伙食好好呀，快点好起来[加油],1
早点好起来呀,1
他们吃的菜，我们正常人都吃不上，买不到,0
多吃点 增强免疫力,1
一定要快点好起来了！！！很多志愿者、医护人员都在前线可能还没有这么好的食物,1
听得出他在很努力的忍住不咳嗽 加油加油加油!快点好起来!,1
缺德呀，必须严惩，必须让辛苦在前线奋战的医务工作者没有后顾之忧??????,1
这是治病救人崇高无上的医务人员！放他们进去好好休息 ,1
一边让人给你们卖命，一边切人家后路，逼人家杀人吗？,0
这样的人生病了就该在家待着，别去医院，医院细菌病毒多。,0
医护人员很伟大，无差别救治所有生命，但同时他（她）们也很平凡，也只是一个普通的爸爸妈妈，孩子应该以有做医生护士的父母亲而骄傲，而不是自卑。貌合神离！,1
怎么感觉你在帮他卖命，然后他把你卖了，还在你旁边数钱，这种畸形的环境真让人不寒而栗。,0
这种人送前线做护工吧！让他试试有家不能回,0
没错我昨天回家被卡口的人也嫌弃了  说医院上班的人都是危险分子  不要回村不要回家了  住外面不行吗  回来就是个定时炸弹  真的把我气得手都在抖,0
我一同事上个月就被房东赶了，说医院里经常加班，不租房子给她，让她另外找，大过年的叫一姑娘家去哪找房子,0
现在各种不让进，多了去了,0
金融期货业开工几天了，郑州小区还不让进入？郑州发的9号令形同虚设！,0
小区保安也是为保一方平安，生怕医院不干净的东西或者病毒带回小区产生后果。无可厚非！合情合理！完全正当！大灾面前没有特权，人民网激动个啥？你的标题本事就是个春秋笔法，好像保安阻止医生抢救病人一样，医生下班跟普通老百姓有区别么？,0
简直是一群魔鬼！太邪恶了这个小区有人生病也建议不要浪费医护吧，人家也是爸妈生养的，为什么要付出那么多？太心寒了,0
英雄来自民间，英雄本是普通人，我们应该尊重英雄..当下英雄都是来自一线的白衣天使，你们这样对待我们救死扶伤的白衣天使，你们拿着疫情防控来做权利的霸道之举，你们良心愧疚吗？,0
关心医护人员的身体和心理健康。他们也是普通人,1
对不起，湖北人民给大家添麻烦了,0
武汉的大学怕是上半年开不了学了,0
看得我真是醉了，征用就是说明情况严峻到了一定程度，来不及通知我们学生，国难当头，你们却在为损失多少私人物品而担忧，损失多少个人财产而担忧，你们想想这是什么时候，是疫情啊，等不到救治，人都没了，还私人物品，大是大非面前，孰轻孰重，大学生这点掂量不出来吗？别人还不能说说就是慷别人之慨,0
南航从墨尔本至广州的航班，没有旅客回中国，飞机上全是澳洲华人购票后把无偿捐助的救援物资放在自己的座位上。在美国几乎所有的口罩都被华人运往中国，一个销售员说这个民族太团结了，太可怕了！所以，我们是团结的民族，请相信祖国,1
作为学生，无条件支持，国难当头。（虽然我的宿舍也被征用了,1
有木有发现湖北的领导没几个精神的，看着一个比一个没能力，有一个能够脱稿把话说清楚的吗，都是这样的领导才把武汉乃至全国搞成这样的,0
早点做，也不至于如此！,0
妈的，评论简直道德绑架现场，看得火噌噌头上冒,0
这里充满了道德绑架，拿你办公区、住房改成病房，把你东西全搬空，还没有保障，丢了或者损坏怎么办？别给我说疫情面前怎么怎么样，你圣母麻烦把您自己家贡献出来，您要是有保障，您征用，何况你什么保障都没给，还先斩后奏。不好意思，我没有你们那么大公无私,0
那群喷学生的人让我想起了一个视频。有人问如果遇到难民怎么样，那些被采访的人都说会收留。结果真的把难民领到了他们面前，却是各种理由拒绝。我估计现在那群喷子的东西真被疑似患者碰过，他们跳脚的比谁都厉害,0
武汉的同学们，如果真的征用了你们的宿舍，相信你们肯定很难过。不过，请你们想一想，现在还有什么效率高的办法能马上解决床位问题呢？希望你们别难过，或许你的床是别人很多个日夜期盼的救命港！我相信武汉防疫工作组会把你们的私人物品保管好的，疫情过去以后，我们大家所有人都会很好很好的…………,1
征用宿舍怎么了，特殊时期特事特办，武汉沦陷了你去哪上学？,0
看了评论这么多年的书都读到??肚子里去了？一个个自私冷血还那么理直气壮？说病人有的素质低乱吐痰不讲卫生，不带脑子的么？政府用过之后不打扫不消毒的么？担心自己私人物品被扔被偷担心以后住人膈应真的可以理解，政府要做好准备工作和预后工作。如果你家有人患病在生死边缘你还说的出这样的话不？,0
国难当头无奈之举，大学生不会反对。当事人担心私人物品怎么处理，宿舍以后的卫生安全问题这也是人之常情，并不代表就不爱国是白眼狼！他们只是希望征用时有更合理的措施，比如可以请专业人士清理消毒宿舍由老师全程陪同录像，贵重物品由老师清点后集中保管转交个人。只要举措合理我相信学生会支持的！,1
我们的一些大学，包括北京大学，正在培养一些‘精致的利己主义者’，他们高智商，世俗，老到，善于表演，懂得配合，更善于利用体制达到自己的目的。这种人一旦掌握权力，比一般的贪官污吏危害更大。,0
希望尽早看到“武汉方舱医院停用，患者全部痊愈出院”的消息,1
武汉还剩那么多大大小小的体育馆你不去用 跑去用里面满是学生私人用品的宿舍 谁来保障学生,0
这下武汉彻底完蛋了。本来还有一百来万大学生推动武汉发展，结果这么一整。前几年做的所有大学生毕业留汉全部白搭。稍微有点能力的毕业必走。直接沦为三线城市。,0
说明数字真的很庞大 远不止公布的那么多,0
冷静想一想。覆巢之下焉有完卵，如果要住我的宿舍，请随便，东西损毁遗失都无所谓了。就当我为朗疫捐款了！,1
武汉都已经这么严重了，还有大学生在那里维护隐私权和知情权？你们知道这有多可笑么！那么多生命因病毒离世，你们迟迟没有开学难道不知道事情的严重性和困难性？问这些问题的人好意思说自己是大学生么？成千上万的生命比不过你宿舍的物品？,0
不知道大家为什么都觉得学生抗议是为了钱。其实学生是最热血的群体，你说一句希望大家贡献宿舍，给时间收拾或者说帮大家收拾，通知一声，都乐意的。他们现在有情绪是因为，他们不是作为奉献者的身份带着使命感付出，而是被侵犯了权益，毫无奉献感，表达一下知情权还要被骂。,0
一会儿又说武汉各种帖子求助 在家隔离看不了病  埋怨这那 各种负能量 安排了呢 一会儿又说大学生私人物品咋办 你们真是难将就 是不是同一批人哦,0
这下连高校宿舍都改成病房了  可想而知情况有多严重  看见其他学校发的图片  直接把学生私人用品扔了太过分了  虽说国难当头  也应该尊重别人  真希望尽快传来好消息,0
有些人真的是站着说话不腰疼，你们与其在这杠大学生们不给宿舍叭啦叭啦的，不如好好扪心自问一下，政府征用你们的住宿区，你们的办公区还不跟你们打招呼，你们心里怎么想？这世界上的每个人都在经历着别人难以想象的战斗，请多一些善良，嘴下留点情好吗？当代大学生们的素质没你们想象的这么低ok？,0
对自己学校和老师宿管等没有起码的信任吗？既然是市属大学那主要拨款来于哪里？将或者已在武汉这座城市四年对武汉人和城市没有感情吗？武汉现在一床难求，抢时间就是在救人命，看损失时想下之前获得。在武汉读大学和武汉会不会度过劫难好起来已经联系很紧密，看得清的人就算为自己将来也不会现在闹。,0
:挺好的，不要说什么阴阳怪调的话，直指矛盾和要害，还有网上也有举报途径，国务院的督导组的纪检的，我们要统一战线，紧密团结一起，共同面对病毒，加油,1
:难度大就不救了？医务人员从来只听说过人道主义救助没听说过人道主义放弃呢，如果武汉医院都空着，让感染的人自己居家隔离，这种行为是可以理解的吗？有1000人的位置要办1000人的事，何况他们只是隔离观察，不是都要进icu,0
:那么多人可不是小数目哦，要隔离难度大,0
:所以要医学隔离啊，这种不完全的隔离，就好像居家隔离一样，都关一个屋子里还能不感染？,0
:我觉得就算不是因为日本办奥运会他也会对中国这样，之前日本海啸中国捐了3.7亿，中国现在有难他快把自己国家捐空了，很多东西都是民间筹集的成堆的往中国送。,1
:哎，好好的游轮行,1
:发现的及时，要是开始是那种无症状那种潜伏就糟糕了,1
:是呢，两国的往来比较多，这种风险很高的,0
黑龙江到处买不到口罩?? ，这是疫情增长的原因之一吧！急需口罩??,0
能不能关注一下双鸭山 增的速度很快！,0
东三省为什么黑龙江这么严重？旅游的多么？,0
黑龙江双鸭山红兴隆中心医院医疗物资急缺，有资源小姐姐发出求助??最近突增患者，导致火车都停运了，患者增多物资短缺，希望大家可以帮帮我们这个小地方的医院?? ??,0
黑龙江怎么了，吉林人民给黑龙江加油,1
黑龙江开始补涨了,0
黑龙江感觉死亡率还是挺高的，??。,0
。。哈尔滨这么多了？怪不得不让出门了……,0
其实上级已经做的很好了 多数是基层工作做不到位 建议大家举报 比如消毒一栋楼13秒就出来的那种,1
鸡西昨天增加9例，今天增加8例,0
经济上做不到的超越，感染病倒是挺积极，我也是够无语。。,0
我家就在黑龙江一个小城市里，年前到年后总共消毒一次，大街上都是条幅写着排查，实际上根本没人管,0
黑龙江齐齐哈尔铁锋区派各校老师冲上社区防疫第一线及高速入城口，河南省内蒙古省已经命令禁止这种行为，为什么黑龙江搞这种幺蛾子？,0
黑龙江兄弟增长的太快了吧，咱得加油止住啊，你们不用带头冲锋，说好了三省一起走呢？加油啊。,1
黑龙江造成今天的局面跟领导有很大关系，人家过年严抓上措施，你们一点不重视，现在全国开始复工了，你开始封城了，你动作早点损失小点，你早想到今天不至于严重到这等地步，不要拿冬天咱这是旅游旺季说事，你再旺财政没上来，只能盼望你引以为戒抓紧办实事，社区发酒精就不错值得表扬的,0
我坐标哈尔滨尚志的，从我一月二十一号回家开始到今天，根本没有人来排查人口啊,0
快救救黑龙江吧！我们连门都不出，路上连车都没有，城市之间也相互封锁，但是增长这么快速,0
关注一下黑龙江吧，八竿子打不着的地方居然增长这么快。,0
黑龙江双鸭山前天才开始封路，今天三十六个了，作为一个本土人，我不该说什么，但是我还是想说，是自己不重视,0
真特么不容易，翻山越岭，隔了好几个省，愣是给整红了！,0
真的应该是分地区，我在牡丹江下面的一个林业局，21号凌晨到家的，21号中午去买口罩，就基本都断货了，大家都知道是怎么回事。我们家今年拜年也都是打电话，每年的聚餐今年也没有。大家都挺重视的，牡丹江也每天把患者的行动轨迹发布出来。真的很重视了。,1
黑龙江现在管理的很严格了，每家每两日只允许一人拿着通行证出去买菜，进去小区也要签到，道路都是红灯，各个路口有警察守着，车不能上路的！,1
原来，国泰民安就是车水马龙人声鼎沸。原来，幸福就是想上班就上班，想吃火锅就吃火锅。 让我们等待武汉，也等待全国，等到春暖花开，我们再一起看车水马龙,1
眼看着10号上班了才想起来封小区，口罩还买不到就私家车限行了，也不造这到底都是些啥措施。咱也不懂，咱也不敢问。,0
woc我怕死了 希望黑龙江平安,1
黑龙江治愈居然只有个位数，死亡第二多，能不能多关注关注,0
声援黑龙江！声援黑龙江！,1
黑龙江要他妈完了,0
华夏五千年的辉煌岂是你一个区区冠状病毒就能打败的？ 呸～痴心妄想,1
一天增加50个，太快了,0
希望这场灾难过后任何一个付出的人的名字都不会被忘记,1
黑龙江领跑东三省，唯一的外围省份????别再增加了,1
距离这次疫情中心点武汉、离湖北那么远，竟然新增了那么多例，心疼黑龙江,0
黑龙江加油吧，,1
每天都盼望奇迹出现,1
咋又涨这么多……还能控制住吗？烦死了,0
大庆不增,1
坐标黑龙江宁安市下属一个小农村 镇里从初二就封了网吧KTV饭店 所有零售勒令关门 现在连国道都封了 镇里只有超市火车站开门 村里各路口也封了喇叭一天播三遍 我1月3号回的家 每天去村卫生所量两次体温 返城才给开证明  黑龙江人口流失率特别特别大 春节流动性很大 但也在控制人口不外流 不出去传染人,1
就我们伊春没有，加油中国希望你们这些地方快点好转都在家里呆着亲们。加油保护自己和家人从我做起,1
哈尔滨三区九县出城需要出城健康证明，要去定点医院抽血化验，做肺部CT.马上10号就是上班日了，好不容易居家自我隔离了14天，现在要扎堆去医院检查？这么多鬼操作真的不敢恭维，怪不得人数暴增，自己制造交叉感染呢！,0
黑龙江绥化市下的一个庆安县城 全封 所有出租车私家车都不让出 街道上只有巡逻车  所有商场全关 只剩大超市供应  街上有人闲逛的 会有巡逻车撵回家 小区都封了 车辆不让进出 有的小区会有通行证 三天一出买菜！！！！已经在很严格控制了,1
我天，黑龙江这增速有点吓人啊,0
救救黑龙江吧,0
黑龙江省双鸭山市友谊县确诊17例，这个小县城病例这么多，医疗条件又……国家看看这里吧！！,0
伊春挺住,1
黑龙江加油?? 中国????加油?? ??????,1
黑龙江加油,1
黑龙江表示老百姓缺口罩,0
妈妈在绥化华辰超市上班 从年底到现在天天加班没休过一天假 现在各种餐饮商场都不营业 只有超市员工为了保证供给还在工作 劝了好多次超市人流量大别去上班了 妈妈说不能在关键时刻离职 真的是担心死了,0
我真的醉了，辽宁前几天公布的一家六口就是黑龙江确诊的来串门感染的,0
为什么煤矿复工了？特殊时期真的有许可么？老老实实在家呆了一两周，一上班，一聚集难道不是前功尽弃？,0
黑龙江双鸭山红兴隆中心医院医疗物资急缺，有资源小姐姐发出求助??最近突增患者，导致火车都停运了，患者增多物资短缺，希望大家可以帮帮我们这个小地方的医院?? ,0
哈尔滨真的很严重了,0
我是土生土长祖上哈尔滨人，在杭州生活过年爸妈来讲了哈尔滨情况，他们甚至不了解病毒看到我带口罩还很奇怪。那时哈尔滨还几乎没有人戴口罩。只能说应急起步很晚，现在哈尔滨管理是很严，但也是过了控制的最佳时期了，不尬黑，陈述事实。但是会好的。浙江重灾区已经控制的不错了，家乡人民再挺挺！,0
黑龙江省各个城市小镇小区都限制人出入，管控很严格了，但是这边物资紧缺，医疗也不先进，人被感染上……所以……祈祷这次疫情快点被控制住，这也是全国人民2020年的愿望,1
小黑龙，你要挺住啊。冬季的旅游旺季，坑坏了小黑龙。,1
国家援助下吧，咋整的啊？地方没能力防控还是咋回事？,0
黑龙江加油，一定能控制住的,1
我的龙江大地，，，疫情加地震，，，必死无疑么难道,0
黑龙江现在每天都增加这么多,0
坐标齐齐哈尔，小区已经封锁，物资不够，口罩都买不到。我们黑龙江医院医疗设备有限，技术也不够前沿，没有抗击经验，麻烦国家重视啊，救救黑龙江。,0
伊春坚持住阿[加油][加油][加油],1
封道很久了，小区也全封了，药店全断货，口罩酒精消毒液什么也买不到，东北三省没经历过任何大瘟疫，现在到处都在见好，只有这里在越来越快的攀升//,0
防疫重担都给办事处社区了，从初一开始就上班不休，还每天高强度工作，也不给防护装备，社区的工作者本来人就少，还要疲于各种上级下达的各种任务（增加负担还没多大效果）。时间紧任务重，要求高，已经快透支了，然后责任都推给基层，有谁为战斗在基层一线的人想过？不要让默默干活的一线工作者心凉啊,0
地域黑的biss,0
黑龙江为什么这么多,0
黑龙江还3.1开学？？？我都不敢想象开学了会是啥样,0
买不到口罩啊买不到，网上买都不发货，什么先供应疫区，我想问黑龙江这么多人不算疫区吗？酒精酒精买不到，口罩也没有，好歹齐齐哈尔还有个口罩生产厂家，都哪去了,0
牡丹江说好的单元楼内消毒.我们小区消毒的在单元门口呲了一下就跑了.我想知道这是留着给自己家喷去了??,0
牡丹江的也想说，真的管控很严格了，大型商场几乎都关门，店铺也是能关的都关了，市里从过年确诊第一例开始就一直在行动了，从初一开始的营业性娱乐场所关闭到前两天的限号出行，我们市民也都是能不出去就不出去了，市区内公交车停运大半，周边客运停止运行，连部分列车都停止运行了，别再地域黑了行吗,1
黑龙江一个普通县城，小区戒严，私家车禁止出行，大喇叭从我醒一直放到现在嗷呜嗷呜，每家每户每两天出行一人。隔壁县全城红灯，禁止通行。有问题及时排查隔离，实时公布信息。我们能做的都做了,1
黑龙江太难了!请国家重视一下黑龙江吧！,0
唉，街上没人没车，心里特别酸，来自伊春,0
武汉爆发就武汉加油，hlj多就他妈地域黑 ，一个个那逼嘴咋这么臭呢?如果这病毒是从这传染出去的，那不得把hlj划出中国版图啊?,0
社区天天挨家挨户排查 信号灯一律调成红色禁止出入 各高速路口都有医护人员和警察 进不去也出不来 我们黑龙江人怎么就防护不利了 这真得亏不是东北人吃野味 要不真得被地域黑喷死了 各种武汉加油中国加油 怎么的黑龙江归俄罗斯了吗 脑子是个好东西希望地域黑的能有 别网络上比比赖赖 现实是个嘤嘤怪,0
看前几例报告，哈尔滨有武汉归来人员的日期很早，非常早，一月中旬哈尔滨就有了，只是没发现，很多哈尔滨病例都去了好几次医院才被隔离。全国几乎是接近年前才爆出这事呼吁隔离，可是看确诊病例，都是年前去商场买年货的，还有好几个都是商场营业员，一直在上班，没有在家隔离，接触了多少人可想而知。,0
现在全国人民主攻抢救武汉，黑龙江病情又如此严重政府人员在干嘛？国家哪有那么多人力和物力去支柱，黑龙江医疗器械医术不足早干嘛去了……,0
1.管理很严 小区已经每天每户仅限一人凭许可证戴口罩出门 给用户发放酒精 2.我周围的亲戚朋友并没有随意串门走亲戚 3.北上高铁 出国经停的飞机 很多终点在哈尔滨 冬季南下/出国线路真的挺火的 4.周围报道的几例有瞒报的 有不知自己染病聚会的 时间都在年前 5.这时候再地域尬黑真没必要,1
黑龙江稳住啊！,1
黑龙江，你就是永远都是什么严重了你在开始控制，那能控制住么,0
黑龙江人买不到口罩瑟瑟发抖中,0
50例！！！黑龙江怎么增长得这么快啊！！10就要开工了真的不再延长几天嘛！！,0
黑龙江呀黑龙江，您可真是凭实力红了，以这样的方式，多打脸！多愚昧，无知！,0
哈尔滨所有患者行动轨迹都公布了，只是几个从武汉返程的搬运工慢慢就传播成这样，年前谁不出门溜达几趟，刚开始连武汉都不重视，就别说黑龙江了。已经发病确诊的基本都在过年前后，现在黑龙江管控已经到位了，就看接下来的了。,1
那就要问问那些官方都禁止武汉人出行了，为什么过年时候还有武汉的旅行团来哈尔滨！,0
黑龙江真的有点太快了 ！我辽宁也马上破百 要红了。。心塞 东三省挺住啊 ,1
以后再也不抱怨堵车了，那才是国泰民安，再也不嫌人潮人海了，那才是繁华盛世，再也不抱怨工作辛苦，工作的辛苦远比懒惰的生活更让人幸福，任何事物只有动起来才有价值，愿山河无恙，众生皆安。中国加油，黑龙江加油????,1
依旧有很多人真的不是很重视，黑龙江再怎么发展医疗条件都有限，而且买不到口罩，一个都没有了，过一段时间真的就变成黑龙江加油了,0
黑龙江的父老乡亲们，一定要告诉我们所有的亲朋好友们，别出门溜达了，别不在意，大家一起努力啊！喊破喉咙也有人就是不听,0
已经有城市用身份证可预约最多十个口罩。我坐标黑龙江鹤岗本人真的买不到口罩。不知道其他人是不是也一样。可以不出门，但需每周出去两次采购“粮草”怎么办？,0
坐标哈尔滨巴彦县，没有酒精  消毒液  口罩，所谓的小区封闭管理 (就是只开一个门，还是随便进出，也不测体温)，一直没有公布确诊病例的所在小区和活动轨迹，也不知道县里疫情的感染人数(算人数直接算到哈尔滨里了)，不敢出门，又不得不隔几天出去买一次菜，人总要吃饭啊！,0
鸡西一个说大不大说小不小的地方都这么多例这是要干哈呀,0
黑龙江能不能多点物资啊，这边真的太闭塞了，物资没有，医护人员也特别少……真可怜??,0
: 为什么私家车不让上路，还要求复工，难道大家挤公交更安全么？？？？？？,0
人口不多。跟目前排名在前的地区不是一个人口量级。感叹人数却在步步贴近。侧面看此地感染比例不是很大吗。,0
黑龙江物资超级缺乏，口罩消毒液啥都没有,0
必须杀鸡儆猴，否则在这场抗击疫情的斗争中，还会有其他地方瞎搞,1
他们拿来做了好事，苦了在重庆黄冈等一线防疫的医生护士们,0
能不能不拖后腿，我头像都来不及换了。。。。,0
发放明细呢？台账呢？,0
我管你发给谁了？？？？抢劫你他??还想占理了？双倍还给人家！！,0
不严惩会激起民愤，网络声讨永远不会停，我相信中央政府会给重庆百姓，医护人员还有400多名患者一个公道，这个时刻本应该是全国团结在一起，现在这个做法真让人心寒。重庆人，雄起！,0
不管是发给谁 凭什么抢人家的呢,0
重灾区一线医护人员的口罩截胡给了物业公司了，大理好牛,1
大理这次真的是无理（礼）了,0
